idAbt,idBuy,label,proba,abt_name,buy_name
19631,202812646,1,0.0,Bose Second Zone Remote - PMC2,Bose PMCII Remote Control
28340,208456215,1,0.0,Whirlpool White Front Load Washer - WFW9200SWH,Whirlpool 27' DUET WASHER HORIZ AXIS WP
25797,204416098,1,0.0,Garmin GPS Carrying Case - Black Finish - 0101070400,Garmin Lightweight GPS Case - 010-10704-00
32226,205985716,1,0.0,LG DLEX7177RM Cherry Red XL Capacity Electric SteamDryer - DLEX7177RD,LG 27' Front-Load Electric Dryer with 7.3 cu. ft. Capacity
18202,203347464,1,0.0,Canon Optura/Elura Accessory Kit - ACCESSORYKIT,Canon Mini DV Camcorder Starter Kit - 9582A008
24034,50017228,1,0.0,Sony DVD Remote Control For PS2 - Black Finish - 711719707608,PlayStation 2 DVD Remote - 97076
34815,208033806,1,0.0,Pioneer Black Premier Single CD Receiver - DEHP700BT,Pioneer DEHP400UB Car Audio Player
38214,210399746,1,0.0,Canon Black 21.1 Megapixel EOS Digital SLR Camera Body - EOS5DMARKIIBODY,Canon EOS 5D Mark II Digital SLR Camera - 2764B003
25857,202870177,1,0.0,Garmin Nuvi 360 010-10723-06 Black 12 Volt Adapter Cable - 0101072306,Garmin Cigarette Lighter Adapter for GPS
33510,205516750,1,0.0,Monster Mini-To-Mini iCable For Car - AICMINIIP3S,Monster Cable iCable A IC MINI IP-3 S Audio Stereo Cable - 123870
36169,90145444,1,0.0033,Sony Bud Style Headphones In Black - MDREX85LPBLK,Sony Fontopia Earbuds - MDREX81LPB
17653,10382243,1,0.0033,Sony HD DVC Tape - DVM63HD,Sony High Definition Mini DV Cassette - DSL-190-B
32395,206745972,1,0.0033,LG WM3988HWA 4.2 Cu Ft White Full Size SteamWasher And Dryer Combo - WM3988WH,Full Size Steam Washer and Dryer Combination with Allergiene Cycle
33047,201692665,1,0.0033,Canon Black Photo Ink Cartridge - CLI8B,"Canon Ink Cartridge For PIXMA iP4200, iP5200, iP5200R and iP6600D Printers - 0620B002"
14033,90105156,1,0.0033,Garmin Deluxe Carrying Case - Black Finish - 0101023101,Garmin Canvas Deluxe Carry Case - 010-10231-01
34125,205567912,1,0.0067,Belkin Cush Top For Computer Laptop - F8N044ORG,Belkin Orange Cushtop
27965,203136102,1,0.0067,LG Titanium Bottom-Freezer Refrigerator - LRBP1031TT,LG Electronics 10 cu.ft. Cabinet Depth Refrigerator
37091,207390618,1,0.0067,Sony Cyber-Shot Black Digital Camera - DSCT500B,Sony Cyber-shot DSC-T300 Digital Camera - Black - DSCT300/B
36811,208930714,1,0.0067,Nikon Pink 10 Megapixel COOLPIX Digital Camera - COOLPIXS60PNK,"Nikon COOLPIX S60 10 Megapixel Digital Camera w/ 5x Optical Zoom, Optical VR Image Stabilization, 3.5' High Res Touch Panel LCD, HD Pictmotion Slide Shows, & Autofocus and Auto Exposure - Pink - 26132"
32664,209975310,1,0.0067,iHome Black Clock Radio Audio System For iPod - IH9BR,IH9B6R BLACK ALARM CLOCK F/IPODPERPCHARGES DOCKED IPOD REMOTE CONTROL
32279,205985717,1,0.0133,LG DLEX7177WM White XL Capacity Electric SteamDryer - DLEX7177WH,LGs New Electric SteamDryer
17417,90120953,1,0.0133,Sanus 13' - 30' VisionMount Flat Panel TV Silver Wall Mount - VMFS,Sanus Flat Panel TV Wall Mount - VMF
23325,204787744,1,0.0133,TiVo Series2 Dual Tuner Digital Video Recorder - TCD649080,Tivo 80 Hour DVR Recorder
32628,207554111,1,0.0133,Apple 500GB Time Capsule Wireless Hard Drive - MB276LLA,Apple Time Capsule Network Hard Drive - MB277LL/A
36295,90128026,1,0.0133,Sony 8cm MiniDVD-R Camcorder Media 3 Pack - 3DMR30R1H,Sony Mini DVD-R Media - 3DMR30L1H
18564,208715747,1,0.0167,Whirlpool 24' Built-In Dishwasher - DU1055BK,Full Console Dishwasher with 4 Automatic Cycles - DU1055XTSB
21268,203086405,1,0.0167,Garmin StreetPilot C330 Dash Mount - Black Finish - 0101061300,Garmin GPS Receiver Dash Mount - 010-10613-00
18516,202045875,1,0.0167,Panasonic Genius Countertop Microwave In White - NNH965WH,Panasonic NN-H965WF Luxury Full-Size 2-1/5-Cubic-Foot 1250-Watt Microwave Oven- White
35183,208117920,1,0.02,LG 24' LDF6920WW Fully Integrated Built In White Dishwasher - LDF6920WH,LG Dishwasher
35662,207535170,1,0.0233,Garmin Nuvi 205 GPS Navigation System - 0100071740,Garmin nvi 205 Automobile Navigator - 010-00717-40
36796,208154853,1,0.0233,Brenthaven Sling II Titanium Laptop Carrying Bag For 15' MacBook Pro - TR654ZMA,SLING II LAPTOP CASE - 21 INCH - 4.5 INCH - 14.5 INCH - 2221
20466,201692695,1,0.0267,Canon Black Ink Cartridge - Black - PG40BK,Canon Black Ink Cartridge - 0615B002
36789,208154854,1,0.0267,Brenthaven Sling I Titanium Laptop Carrying Bag For 13' MacBook - TR653ZMA,SLING I LAPTOP CASE - 18 INCH - 4.5 INCH - 13 INCH - 2211
37145,208941080,1,0.0267,Garmin Nuvi 765T GPS Navigation System - 0100071520,Garmin AUTO NAV - 010-00715-20
33277,206808445,1,0.0267,Canon Silver Flash Memory Camcorder - FS100S,Canon FS100 Digital Camera - 2699B001
31397,202870172,1,0.03,Garmin Replacement USB Cable - 0101072301,Garmin USB Cable - 010-10723-01
28148,203131413,1,0.03,LG WM3431W All-In-One White Washer And Dryer Combo - WM3431WH,LG Electronics 24' Washer/Dryer Combo: White
32875,202870173,1,0.0333,Garmin 010-10723-02 Carrying Case - 0101072302,Garmin Leather GPS Case
10101,90106172,1,0.036,Omnimount Wall Speaker Mount - 20WLBK,OmniMount Universal Wall Speaker Mounting Kit - 20.0 WALL-B
29827,205664963,1,0.0367,LG Pearl Gray XL Capacity Electric Dryer - DLE5955G,"LG 7.3 cu.ft. Front Control, ST Drum,Chrome Door Trim (Pearl Gray)"
29865,205664972,1,0.0367,LG WM2233W 4.0 Cu Ft White Front Load Washer - WM2233WH,LG 3.8 Cu. Ft. 7-Cycle Extra-Large Capacity Washer - White
32150,207390506,1,0.0367,Denon Networked Audio System With Built-In iPod Dock - S32,Denon S32 Network Ready Table-Top Stereo System - Deno_S-3289349
35175,208117922,1,0.0367,LG 24' LDS4821BB Semi Integrated Built In Black Dishwasher - LDS4821BK,LG Semi-Integrated Electronic Panel with Digital Status Display
34966,207965387,1,0.0367,Samsung MiniDV Digital Camcorder - SCDC382,Samsung SC-D382 Digital Camcorder
32280,205985719,1,0.0398,LG DLEX8377WM White XL Capacity Electric SteamDryer - DLEX8377WH,The LG Electric SteamDryer
36172,207907535,1,0.04,Sony Active Style Headphones In Black - MDRAS50G,Sport Neckband Earbuds - MDR AS50G
18837,203155653,1,0.0433,Cuisinart Countertop Griddler - GR4,Cuisinart GR-4 Griddler Four Multifunctional Cooking Options
29902,205665803,1,0.0467,TiVo HD Digital Video Recorder (180 Hour) - TCD652160,Tivo TIV652160 Tivo High Definition
34961,208114683,1,0.0467,LG LFX25971SW 24.7 Cu. Ft. Smooth White French Door Bottom Freezer Refrigerator - LFX25971WH,LG 25 CF Refrigerator 3 Door White Tall
32228,205985718,1,0.0467,LG DLEX8377NM Navy Blue XL Capacity Electric SteamDryer - DLEX8377BLUE,The LG Electric SteamDryer
36169,205691190,1,0.0467,Sony Bud Style Headphones In Black - MDREX85LPBLK,Sony MDREX81LP Comfort Fit Ear Hanger Headphones- Choose Color (Black)
35165,208117924,1,0.05,LG 24' LDS4821WW Semi Integrated Built In White Dishwasher - LDS4821WH,LG Semi-Integrated Electronic Panel with Digital Status Display Dishwasher
33467,207542599,1,0.0567,Sony Silver Cyber-Shot Digital Camera - DSCS750,Sony DSC-750 Cyber-shot Digital Camera - DSC750
30058,209028436,1,0.0567,Electrolux Pronto 2 In 1 Lightweight Upright Vacuum - EL1000B,ELECTROLUX STICK VACUUM REPLACES EL1000A
20450,201692660,1,0.0567,Canon Color Ink Tank - CL41CL,"Canon Ink Cartridge For PIXMA iP1600, iP6210D and iP6220D Printers - 0617B002"
29829,205664964,1,0.06,LG DLE5955W White XL Capacity Electric Dryer - DLE5955WH,LG Electric Dryer with 9 Drying Programs
16329,210521578,1,0.0633,Whirlpool 24' Built-In Dishwasher - DU1100SS,Whirlpool DU1100XTPS 24' Undercounter Dishwasher (Stainless Steel)
26615,203329569,1,0.0633,Logitech Harmony 1000 Silver Touch Screen Remote Control - H1000,Logitech Harmony 1000 Advanced Universal Remote Control - 966230-0403
25902,202479411,1,0.0665,Lowepro Digital Camera Case In Black - REZO15BK,"Lowepro Rezo 15 Camera Case - MicroFiber, Ripstop Nylon - Black (Black)"
27789,204292470,1,0.0667,Weber Genesis E-310 Liquid Propane Black Outdoor Grill - 3741001,Genesis Series 3741001 60' Freestanding Gas Grill with 637 sq. in. Cooking Surface & 3 Stainless Steel Burners: Black LP Gas
18567,208456203,1,0.0667,Whirlpool 24' Built-In Dishwasher - DU1055SS,Whirlpool DU1055XTSS 6' Console Undercounter Dishwasher (Stainless Steel)
27793,204292473,1,0.07,Weber Genesis S-310 Natural Gas Stainless Steel Outdoor Grill - 3870001,Weber Genesis Series S-310 60' Freestanding Gas Grill
6284,202812567,1,0.07,Bose 27028 161 Bookshelf Pair Speakers In White - 161WH,Boss 161 Speaker
29677,204884519,1,0.0767,Monster iFreePlay Cordless Headphones For iPod Shuffle - AISHHPHONE,Monster Cable iFreePlay Cordless Headphone - AI SH HPHONE
29866,205664973,1,0.0767,LG WM2455HG 4.2 Cu Ft Pearl Gray Front Load Washer - WM2455G,LG 4.0 cu. ft. Capacity Front Load Washer w/ Sanitary cycle
30603,208111279,1,0.0767,Panasonic Integrated White Telephone System With All-Digital Answering System - KXTS620W,CORDED TELEPHONE - KEYPAD - SINGLE LINE OPERATION - LCD DISPLAY - CALLER ID; CAL - KX-TS620W
38500,208787116,1,0.0767,DLO Black HybridShell For iPhone 3G - DLA4010717,Dlo 004-0107 Hybridshell(tm) For Iphone(tm) 3g
36962,207899814,1,0.08,Sanus Black Single-Column AV Component System - VF2012,Wal-mt Furn Comp Shlf - VF2012-B1
21267,203087865,1,0.0857,Garmin Streetpilot C Series Vehicle Suction Mount - Black Finish - 0101060900,Garmin Vehicle Suction Mount - 010-10609-00
34102,205886768,1,0.0867,Nyko Charge Base 2 Charger For PlayStation 3 Controller - 743840830535,PlayStation 3 Charging Dock for PS3 Wireless Controllers by Nyko - 83053
35153,206887905,1,0.0923,Weber Q 320 Liquid Propane Table And Outdoor Grill - 586002,Weber Q 320 Gas Grill
32878,204219387,1,0.093,Garmin Vehicle Suction Cup Mount - 0101093600,Garmin Suction Cup Mount - 010-10936-00
22727,202619749,1,0.0964,Weber Q 300 Liquid Propane Outdoor Grill - 426001,Weber Q 300 Gas Grill
33045,203514304,1,0.1,Canon Red Photo Ink Cartridge - CLI8R,Canon CLI-8 Red Ink Tank For PIXMA Pro9000 Printer - 0626B002
30955,205852387,1,0.1033,Sony Black LocationFree Base Station - LFV30,Sony LFV30 Network Media Player
38806,210536123,1,0.1085,Canon XH A1S Black High Definition HDV Camcorder - XHA1S,Canon XH A1S - 3238B001
37589,209085184,1,0.11,BlueAnt Bluetooth Voice Control Headset - V1,BLUEANT BLUETOOTH HS DUAL MIC NIC - 091004
35022,208117925,1,0.1108,LG Over-The-Range Black Microwave Oven - LMV1680BK,LG 1.6 cu.ft. Over the Range Microwave
36367,208464207,1,0.1118,Canon EOS Rebel XS Black Digital SLR Camera - XSREB1855B,Canon EOS Rebel XS Digital SLR Camera with EF-S 18-55mm 1:3.5-5.6 IS Lens - Black - 2762B003
37142,209194241,1,0.1167,Nikon D90 Black Digital SLR Camera - D90BODY,"Nikon D90 12 Megapixel Digital SLR Camera w/ 3' LCD, Live View, 4.5 fps Burst & In-Camera Image Editing - Body Only - 25446"
23350,50012447,1,0.1167,Sony PlayStation 2 8MB Memory Card (2 Pack) - Red/Blue Finish - 711719706700,SONY 7-11719-70670-0 PS2 8 MB Memory Card 2-pk - 97067
18040,203151779,1,0.1198,Delonghi Oil Filters - FK8,DeLonghi 6-pc. Replacement Filters for Deep Fryer
35019,208117926,1,0.121,LG Over-The-Range White Microwave Oven - LMV1680WH,LG 1.6 cu.ft. Over the Range
33044,203514305,1,0.1233,Canon Green Photo Ink Cartridge - CLI8G,Canon CLI-8 Green Ink Tank For PIXMA Pro 9000 Printer - 0627B002
23864,204636071,1,0.1267,Hoover Bagged Tempo Widepath Upright Vacuum - U5140,Hoover Company #U5140900 Wide Path Bag Up Vac
27186,204292477,1,0.1333,Weber Stainless Steel Summit S-650 Liquid Propane Grill - 1780001,"Weber Summit Series S-450 74 1/10' Freestanding Gas Grill with 838 sq. in. Cooking Surface, 6 Stainless Steel Burners, Rotisserie Burner, Stainless Steel Smoker Box & Stainless Steel Work Surface: LP Gas"
35024,208156876,1,0.1333,LG Over-The-Range Stainless Steel Microwave Oven  - LMV1680SS,1.6 cu.ft. Over the Range Microwave
26695,202479417,1,0.1362,Lowepro SlingShot 200 AW Digital Camera Back Pack - SLINGSHOT200AW,"Lowepro SlingShot 200 AW Camera Backpack - Backpack - MicroFiber, Ripstop Nylon - Black, Gray (Black)"
25858,202870184,1,0.1467,Garmin Nuvi 660 010-10747-03 Black 12 Volt Adapter Cable - 0101074703,Garmin Cigarette Lighter Adapter for GPS Navigation - 010-10747-03
17094,203151930,1,0.15,Delonghi Twenty Four Seven Coffee Maker - DC50W,DeLonghi 4-Cup Drip Coffee Makers
10102,90106210,1,0.1526,Omnimount Wall Speaker Mount - 20WLWH,OmniMount Stainless Steel Speaker Mount - 20.0 WALL-W
18970,202045862,1,0.1533,Panasonic Genius Countertop Microwave In Black - NNH965BK,Panasonic NN-H965BF Microwave Oven - Counter Top - 2.2ft - 1250W - Black
32625,201935171,1,0.1533,Logitech diNovo Media Desktop Laser Keyboard And Mouse Combo - 967562,Logitech Cordless Desktop MX 5000 Laser - 967562-0403
39038,204348269,1,0.1565,Case Logic Black In-Car DVD Player Case - PDVK10,"Case Logic 10' In-Car DVD Player Case - 11' x 9.25' x 4' - Nylon, Koskin - Black (Black)"
25905,202479418,1,0.1567,Lowepro Digital Camera Case In Black - EDIT100BK,"Lowepro Edit 100 Case for Camcorder - Nylon, MicroFiber - Black (Black)"
36308,209000385,1,0.1567,iHome iPod & iPhone Bluetooth Alarm Clock Radio System - IP47,iHome IP47BR Bluetooth Clock Radio & Speakerphone for iPhone & iPod - iP47BR
30343,205121310,1,0.16,Sony PSP 2000 Playstation Portable Gaming System Core 98510 In Piano Black - 711719851004,Sony PSP Core System (Piano Black) (Slim Model with AV Video Out Port) - 98510
33327,208464828,1,0.1627,Weber Spirit SP-320 Stainless Steel Liquid Propane Gas Outdoor Grill - 3730001,Weber Summit SP-320 Stainless LP Gas Grill
34959,207383660,1,0.1667,Plantronics .Audio 920 Bluetooth Headset - AUDIO920,Plantronics .Audio 920 Wireless Earset - 78592-01
33455,208033955,1,0.1667,Yamaha 5.1 Channel Home Theater In A Box System In Black  - YHT390BK,Yamaha YHT-390BL Home Theater System - YHT-390bl
34002,208105467,1,0.17,Sony Black 1080p Upscaling 5-Disc DVD Changer - DVPNC800HB,Sony DVP-NC800H/B DVD Player
35905,204238996,1,0.1724,BlueAnt Supertooth Light Bluetooth Handsfree In Black - SUPERTOOTH,BlueAnt Supertooth Light Compact Bluetooth Speakerphone -- Black - 093744
33522,207986293,1,0.1763,Canon Black EOS Rebel XSi Digital SLR Camera - XSIREB1855,Canon EOS Rebel XSi Digital SLR Camera - Silver - 2757B001
30602,208111280,1,0.1767,Panasonic Integrated Black Telephone System With All-Digital Answering System - KXTS620B,CORDED TELEPHONE - KEYPAD - SINGLE-LINE OPERATION - 2-WAY - LCD DISPLAY - BLACK - KX-TS620B
17220,90141074,1,0.18,Panasonic 5-Pack DVD-RAM Discs - LMAF120LU5,Panasonic 3x DVD-RAM Media
26310,203459314,1,0.18,Bose In-Ear Black Headphones - BOSEIE,Bose In-Ear Earphone - INEARHEADPHONES
30734,207907430,1,0.1833,Tech Craft Veneto Series Black TV Stand - ABS60BK,Techcraft ABS60 TV Stand
35987,207464939,1,0.1833,Samsung Black 8.1 Megapixel Digital Camera - ECNV30ZBBA,Samsung NV30 Digital Camera - Silver - EC-NV30ZSBA/US
34379,208112355,1,0.19,Sony Black Bravia Home Theater System - DAVHDX279W,Sony BRAVIA DAV-HDX279WC Home Theater System
34286,207945552,1,0.192,Omnimount Moda Collection Series Dark Espresso TV Stand - ECHO50,OmniMount Moda Collection Echo 50 TV Stand - ECHO 50
33536,206898357,1,0.1933,Elgato TV Receiver And Video Converter For Analog & Digital TV - 10020780,Elgato EyeTV 250 Plus TV Tuner - 10020780
34883,208893644,1,0.1967,TomTom ONE XL 330S Car GPS Navigation System - 1EG005201,TomTom XL 330 S Portable GPS Sysytem - Text to Speech - 4.3' Touchscreen - 1EG0.052.01
30951,205599984,1,0.2029,Canon EOS 40D Digital SLR Camera In Black - EOS40DBODY,Canon EOS 40D Digital SLR Camera - 1901B004
20453,201692677,1,0.2033,Canon Cyan Ink Tank - Cyan - CLI8C,Canon CLI-8C Ink Cartridge - 0621B002
37646,209122918,1,0.2033,Canon Printer Black Ink Cartridge - CLI221BLK,Canon CLI-221 Black Ink Cartridge - 2946B001
25318,202049393,1,0.2033,Terk XM Outdoor Home Antenna - Grey Finish - XM6,Audiovox XM6 Outdoor Home Antenna - XM-6
34258,206888011,1,0.2047,Weber Cast Iron Griddle - 7542,"Weber Cast Iron Griddle for Genesis B,C, 1000 - 5500 & Spirit E & S 300 Series"
29825,205664966,1,0.2058,LG DLE3733W White XL Capacity Electric Dryer - DLE3733WH,LG XL Capacity Electric Dryer
38480,204647332,1,0.2089,iRobot Robotic Floor Washer - 74249,iRobot Roomba Scooba Robot Floor Washer
35231,208114686,1,0.2091,LG LMX25981ST 24.7 Cu. Ft. Capacity Stainless Steel French Door Refrigerator - LMX25981SS,LG 25 Cu.Ft. Total Capacity 4 Door Refrigerator
34130,207652053,1,0.2133,Samsung 5 Disc Black Home Theater System - HTZ410T,SAMSUNG DVD HM THEATER SYS 5 DISC NIC - HT-Z410/XAA
37139,208893658,1,0.2143,Olympus Stylus 1050 SW Black Digital Camera - STYLUS1050SWB,"Olympus Stylus 1050 SW 10 Megapixel Digital Camera w/ 3x optical zoom, 2.7' LCD, Waterproof, Shockproof & Freezeproof, Tap Control, & Face Detection - Black - 226455"
34878,207895085,1,0.2167,TomTom ONE 130S Car GPS Navigation System - 1EE005202,TomTom ONE 130 S Portable GPS System w/ Preloaded Maps - 1EE0.052.02
38346,208167531,1,0.22,Logitech QuickCam Vision Pro For Mac - 960000254,Logitech QuickCam Vision Pro Webcam - 960-000254
36207,10363070,1,0.2223,Logitech Driving Force Pro Steering Wheel With Pedals Set For Sony Playstation 2 - 9632930403,Logitech Driving Force Pro for PlayStation 2 - 963293-0403
34253,206887992,1,0.2233,Weber Gas Barbecue Rotisserie - 7519,Weber Genesis E/S series Rotisserie
37421,209896693,1,0.2239,AT&T Aliph Jawbone II Silver Bluetooth Headset - JAWBONE2S,Aliph Jawbone 2 Silver Bluetooth Headset - Retail - 84442VRP
39088,205074757,1,0.2318,Logitech Cordless Desktop Wave Keyboard And Mouse Combo - 920000264,Logitech Cordless Desktop Wave - 920-000264
27091,203136113,1,0.2324,LG TROMM WM2688HNM 4.2 Cu. Ft. Navy Blue Front Load Allergiene SteamWasher - WM2688HNBL,LG Navy Blue SteamWasher 27'
23296,201647442,1,0.2324,Kingdom Hearts II Video Game For The Sony PS2 - 662248904115,Kingdom Hearts II
32876,204053338,1,0.2367,Garmin 010-10823-01 Carrying Case - 0101082301,Garmin Leather Carry Case for Nuvi 660 - 010-10823-01
16000,208226457,1,0.2392,Maytag Bisque Over-The-Range Microwave Oven - MMV4205BT,Maytag MMV4205BAQ Over-the-Range Microwave
32017,202916547,1,0.2398,Microsoft Office Standard 2007 - 02107746,Microsoft Office 2007 Standard - 021-07746
34476,206888012,1,0.24,Weber Premium Black Grill Cover - 7550,Weber Premium Cover for Genesis Sivler A Grills & Spirit E-200 Series
19204,203389382,1,0.2433,OmniMount G-303 Gray Stellar Series Audio Tower - G303GR,OmniMount 3-Shelf Large-Component Tower - STELLARG303G
38834,209310268,1,0.2433,Nokia T-Mobile Unlocked Cellular Phone - N96,"Nokia N96 Unlocked Phone - 16GB, 5MP Camera with Carl Zeiss Optics and Dual-LED Flash and Auto-Focus, Built-In GPS, WiFi, - 002G6Q3"
38108,208893661,1,0.2467,Olympus Black 10 Megapixels Digital Camera - SP565UZ,"Olympus SP-565 UZ 10 Megapixel Digital Camera w/ 20x Wide-Angle Optical Zoom, Sensor-Shift Image Stabilization, Face Detection, & 13.5 fps Hight-Speed Sequential Shooting - 226480"
9355,203151776,1,0.2499,Cuisinart Convection-Oven-Toaster-Broiler With Exact Heat Sensor - TOB165WH,White .5 cu. ft 1500 Watt Convection/Broiler/Toaster Oven
34393,206362748,1,0.2514,Polk Audio CSI A4 Cherry Center Channel Loudspeaker - CSIA4CH,Polkaudio CSi A4 Cherry High Performance Center Channel Loudspeaker - AM4412-A
39039,210490135,1,0.2533,Garmin Nuvi 885T GPS Navigation System - 0100057730,Garmin 010-00577-30 Nvi(r) 885t Travel Assistant
13996,203025174,1,0.2586,Escort Cordless Solo Radar Detector - S2E,Cordless Solo S2 Radar/Laser Detector - 010ES20A
23349,50009858,1,0.2605,Sony PlayStation 2 8MB Memory Card - Black Finish - 711719702702,PlayStation 2 Memory Card 8MB
33021,203154818,1,0.2697,Electrolux Harmony Series Canister Vacuum - EL6985B,"Harmony EL6985A Vacuum (Canister, HEPA)"
34557,207907559,1,0.27,Sony Black Earbud Style Headphones - MDREX55BK,Ex Series Earbuds Black - MDR EX55/BLK
29272,203900792,1,0.27,Tech Craft Dark Cherry Veneto Series TV Stand - SWP60,Techcraft SWP60 Classic Wood Tone Credenza TV Stand
20454,201692648,1,0.27,Canon Magenta Ink Tank - Magenta - CLI8M,Canon CLI-8M Ink Cartridge - 0622B002
35014,208117937,1,0.2723,LG 30' Stainless Steel Freestanding Gas Range - LRG30357SS,LG 5.0 cu.ft. Freestanding Gas Range
34361,207642497,1,0.2733,Samsung Black DVD/VHS Combo Recorder - DVDVR375,"Samsung DVD-VR375 DVD/VCR Combo - DVD+RW, DVD-RW, DVD-RAM, DVD+R, DVD-R, VHS, CD-RW - DVD Video, CD-DA, MP3, MPEG-4, WMA, JPEG, DivX Playback - Progressive Scan"
30453,207390309,1,0.2733,Bose Lifestyle 48 Series IV 43479 Home Entertainment System - LS48IVWH,Bose Lifestyle 48 Home Theater System - 43479
38399,210479062,1,0.2733,Canon 2GB SD Secure Digital Card - 3505B001,Simpletech 2GB SD Card - 3505B001AA
38008,210227271,1,0.2767,Sharp AQUOS 52' D85U Series Black LCD Flat Panel HDTV - LC52D85U,Sharp LC-52D85U - 52' Widescreen 1080p LCD HDTV - 120Hz - 4ms Response Time
20461,201692679,1,0.2767,Canon Yellow Ink Cartridge - Yellow - CLI8Y,Canon CLI-8Y Ink Cartridge - 0623B002
36705,208930722,1,0.28,Nikon Black 13.5 Megapixel COOLPIX Digital Camera - COOLPIXP6000BK,"Nikon COOLPIX P6000 13 Megapixels Digital Camera w/ 4x Wide Angle Optical Zoom, 2.7' Hi-Res LCD, Optical VR Image Stabilization, Face Priority AF & TV Movies with Sound - Black - 26135"
27103,202985803,1,0.28,LG WDP3N 14' Tall Navy Blue Pedestal With Drawer - WDP3BL,LG Electronics WDP3 Laundry Pedestal with Drawer - Blue
34559,207907557,1,0.28,Sony Pink Earbud Style Headphones - MDREX55P,Ex Series Earbuds Pnk - MDR EX55/PNK
37052,208941076,1,0.2867,Garmin Nuvi 265T GPS Navigation System - 0100057610,"Garmin 265T - 3.5' GPS w/Bluetooth, Text To Speech, Where Am I?, Connect Photos - 010-00576-10"
34880,207929461,1,0.2867,TomTom ONE XL 330 Car GPS Navigation System - 1EG005200,TomTom XL 330 Portable GPS System w/ Preloaded Maps - 1EG0.052.00
34256,206888001,1,0.2922,Weber Cast Iron Griddle - 7531,Weber Cast Iron Griddle for Genesis Silver As and Spirit 500s & Spirit 200 Series
24648,203491687,1,0.2926,Waring Professional Cool-Touch Deep Fryer - Black/Stainless Steel Finish - DF100,Waring Pro Deep Fryer 3qt -Black
14070,203162678,1,0.2933,Cuisinart Automatic Brew And Serve Coffeemaker - DTC975BK,Cuisinart Brew & Serve Stainless Therm Black 10-Cup Coffee Maker
36151,207907558,1,0.2933,Sony EX Ear Bud Headphones In White - MDREX32LPWHI,Ex Series Earbuds Wht - MDR EX32LP/WHI
32906,203324965,1,0.2933,Sirius Dock And Play Universal Vehicle Kit - SUPV1,Directed Electronics SUPV1 Car Kit
35738,208688474,1,0.2933,Samsung 7.1-Channel Blu-ray Home Theater System - HTBD2TXAA,"Samsung HT-BD2T Blu-ray 7.1 Home Theater System - Blu-ray, DVD & CD Playback, FM Receiver w/30 Station Presets, 1100W Total Output, 4 Tower Speakers & Subwoofer - HT-BD2T/XAA"
38587,208937347,1,0.2967,Canon Printer Color Ink Cartridge - CL211,Canon CL-211 Color Ink Cartridge For PIXMA MP240 and MP480 Printers - 2976B001
33769,208504099,1,0.3,Sony White 8' Portable DVD Player - DVPFX820W,Sony DVPFX820 Portable DVD Player - DVPFX820/W
26444,203407045,1,0.3015,Nyko PlayStation 3 Dual Charger AC - 743840830153,Nyko PS3 Dual AC Charger - 83015
38574,210190784,1,0.3033,Sony BD/DVD Home Theater System - BDVIS1000,Sony BDV-IS1000 Blu-ray Disc Home-Theater System - Precision Cinema HD via HDMI upscaler / BRAVIA Theatre Sync direct key / x.v.Color / XMB Xross Media Bar / 800Hz Cutoff Frequency
38388,210399777,1,0.3085,Canon Digital EOS Rebel XS Starter Kit - 9320A010,Canon Rebel XSi/XS Starter Kit - 9320A009
30680,207390502,1,0.3167,Sony Home Entertainment Server In Black - HESV1000,Sony HESV1000 Blu-ray Player/Recorder
29228,204793090,1,0.32,Sony Black Active Speaker System - SRSA212BK,Computer Speakers - SRSA212/BLK
37648,209122921,1,0.32,Canon Printer Gray Ink Cartridge - CLI221GRY,Canon CLI-221 Gray Ink Cartridge - 2950B001
37495,206746475,1,0.3219,Nintendo DS Lite Cobalt/Black Portable Gaming System - NDSUSGBMKB,Nintendo DS Lite (Cobalt Blue and Black) - USGSBMKB
22798,202143942,1,0.323,Sanus VMAV Black VisionMount Component Wall Shelf VMAVB In Black - VMAVB,Sanus VCD/DVD Wall Mount - VMAVB
26891,202870174,1,0.3262,Garmin 010-10723-03 Nuvi Suction Cup Mount - 0101072303,Garmin Vehicle Suction Cup mount
25532,208280406,1,0.3295,GE Futura Indoor TV Antenna - Silver Finish - TV24746,Ge 24746 Futura(tm) Indoor Hdtv Antenna
37087,208941079,1,0.3333,Garmin Nuvi 755T GPS Navigation System - 0100071530,Garmin nvi 755T Automobile Navigator - 010-00715-30
35237,207686035,1,0.3333,TomTom Black Carry Case - 9UEA01700,TOMTOM ONE 130 Carry Bag - 9UEA.017.00
38777,204587960,1,0.34,Nikon Black COOLPIX S210 Li-Ion Rechargeable Battery - ENEL10,Nikon EN-EL10 No-Mem Lithium-Ion Camera Battery - 25752
25855,205986339,1,0.343,Garmin Nuvi 360 010-10815-00 Black Replacement Vehicle Suction Cup Mount - 0101081500,Garmin Suction Cup Mount - 010-10815-00
20448,10377226,1,0.3433,Sony VAIO Neoprene Laptop Carrying Case - Black Finish - VGPAMC3,Sony Notebook and AC Adapter Cases - VGPAMC3
34392,206362747,1,0.3464,Polk Audio CSI A4 Black Center Channel Loudspeaker - CSIA4BK,Polkaudio CSi A4 Black High Performance Center Channel Loudspeaker - AM4415-A
36149,207907550,1,0.3467,Sony EX Ear Bud Headphones In Black - MDREX32LPBLK,Ex Series Earbuds Black - MDR EX32LP/BLK
23347,50012453,1,0.3482,Sony PlayStation 2 DUALSHOCK 2 Analog Controller - Emerald Finish - 711719706205,PlayStation 2 DUALSHOCK Analog Controller - Green
29612,205106045,1,0.3488,Sharp Over The Counter White Microwave Oven - R1211WH,Sharp 1100 Watt Over the Counter Microwave
24571,202537967,1,0.35,Panasonic 2 Line 5.8 GHz FHSS GigaRange Expandable Digital Cordless Answering System - Black Finish - KXTG6700B,Panasonic KX-TG6700B Cordless Telephone
28963,202106724,1,0.3524,Sirius External Home Antenna - 14240,Sirius Outdoor Home Antenna - 14240
36507,208939028,1,0.3533,Onkyo THX Ultra 2 Plus Certified 7.1 Channel Home Theater Black Receiver - TXSR806B,"TX-SR806B Receiver (7.1 Channels, 130 W/Channel, 0.08% THD, Supports 8 Devices) - TXSR806B"
21554,206460121,1,0.3533,Yamaha High Performance Subwoofer -  Black Finish - YSTFSW100BK,Yamaha YSTFSW100 Subwoofer - YST-FSW100BL
22042,202238311,1,0.3563,Logitech Harmony 890 Advanced Universal Remote Control - H890,"Logitech Harmony 890 Advanced Universal Remote - HDTV, TV, DVD Player(s), Lighting, Audio System - 100 ft - Universal Remote - 966193-0403"
34395,206362749,1,0.3563,Polk Audio CSI A6 Black Center Channel Loudspeaker - CSIA6BK,Polkaudio CSi A6 Black High Performance Center Channel Loudspeaker - AM6615-A
28149,203131412,1,0.3627,LG WM3431HS All-In-One Front Load Titanium Washer And Dryer Combo - WM3431TT,LG Electronics 24' Front-Load All-In-One Washer and Dryer: Titanium
34848,208117930,1,0.366,LG Stainless Steel Freestanding Electric Range - LRE30453SS,LG 5.6 cu.ft. Freestanding Electric Range
29072,208456130,1,0.37,Alpine 2-DIN DVD/CD/MP3/WMA Receiver/AV Head Unit - IVAW205,ALPINE IVA-W205 Car Video Player
30203,208156275,1,0.37,Denon X-Space Surround Bar Home Theatre System In Black - DHTFS3,Denon DHT-FS3 2-piece Home Theater Audio System
38345,208890628,1,0.3729,Logitech diNovo Edge Keyboard Mac Edition - 920000924,"Logitech diNovo Edge, Mac Edition - 920-000924"
31176,205844279,1,0.3733,Sony White Cybershot T Series Digital Camera Jacket Case With Stylus - LCJTHCW,Sony LCJ-THC/B Jacket Case with Stylus - LCJ-THC/W
33639,206928608,1,0.3767,Toshiba Black 1080p Upconversion DVD Player - SD6100,Toshiba SD-6100 DVD Player
34227,210521551,1,0.3767,Maytag JETCLEAN II Black Undercounter Dishwasher - MDB7851BK,Maytag MDB7851AWB Full Console Dishwasher (Black)
22042,202145734,1,0.38,Logitech Harmony 890 Advanced Universal Remote Control - H890,Logitech Harmony 890 Advanced Universal Remote - 966193-0403
27188,204292472,1,0.38,Weber Stainless Steel Genesis S-310 Liquid Propane Grill - 3770001,Weber Genesis Series 3770001 60' Freestanding Gas Grill
34638,209934621,1,0.38,Sony White Speaker Dock And Clock Radio For iPod And iPhone - ICFC1IPMK2WHT,SONY IPOD/PHONE DOCK CLOCK RADIO BLACK NIC - ICFC1IPMK2WHI
37469,209310248,1,0.3851,Canon PowerShot Black 14.7 Megapixel Digital Camera - G10,"Canon PowerShot G10 14 Megapixel Digital Camera w/ 28mm Wide Lens, 5x Optical Zoom, 3' LCD, Face Detection & Red Eye Correction - 2663B001"
18087,203150909,1,0.3867,Danby Designer Portable Dishwasher - DDW1805WH,"DDW1805W 18-in. Portable Dishwasher (White, Energy Star)"
33601,204558176,1,0.3867,TomTom GPS Mount And USB Car Charger - 9S00006,TOMTOM ONE XL Additional Mount Kit - 9S00.006
34496,207978102,1,0.39,Samsung Sound Bar Home Theater System - HTX810,Samsung HTX810T Home Theater System - HTX810T
32059,205131849,1,0.3907,Unreal Tournament III Video Game For The Sony PS3 - UNREALPS3,Unreal Tournament III - 26991
33569,207388757,1,0.3933,Panasonic VIERA 42' Plasma Flat Panel 1080p HDTV In Black - TH42PZ80U,"Panasonic TH-42PZ80U - 42' Widescreen 1080p Plasma HDTV - 1,000,000:1 Dynamic Contrast Ratio"
13700,90111702,1,0.3967,Sanus Euro Foundations Satellite Speaker Stand - EFSATB,Sanus Euro Foundation Series III Speaker Stand - EFSATBKIII
13701,90108521,1,0.4,Sanus Euro Foundations Satellite Speaker Stand - EFSATS,Sanus Euro Foundation Series III Speaker Stand - EFSATSIII
22101,201953039,1,0.4033,Canon Photo Ink Cartridge - CL52,Canon CL-52 Photo Ink Cartridge For PIXMA iP6210D and PIXMA iP6220D Printers - 0619B002
35282,207937987,1,0.4033,Nikon COOLPIX P80 Digital Camera In Black - COOLPIXP80,Nikon Coolpix P80 Digital Camera - 26114
24572,202537969,1,0.4033,Panasonic 5.8GHz Add-On Handset For The KXTG6700B Phone System - Black Finish - KXTGA670B,Panasonic KX-TGA670B Cordless Handset
29861,204792876,1,0.41,LG LSC21943ST Stainless Steel Side By Side Refrigerator - LSC21943SS,"LG Electronics LSC21943ST 21.0 cu. ft. Counter-Depth Side-by-Side Refrigerator with 3 Spill-Protector Glass Shelves, SpacePlus Ice System, Digital LED Display and CustomCube Automatic Ice Maker"
38831,201854347,1,0.41,Tripp-Lite Black 25 Foot SVGA HD15M To HD15M Computer Monitor Cable - P502025,Tripp Lite Video Cable - P502-025
35035,208156879,1,0.4159,LG 2.0 Cu. Ft. Over-The-Range Stainless Steel Microwave Oven - LMVM2085SS,LG 2.0 cu.ft. Over the Range Microwave Oven
35663,207536226,1,0.42,Garmin Nuvi 205W GPS Navigation System - 0100071840,Garmin nvi 205W Automobile Navigator - 010-00718-40
28175,204318286,1,0.4233,Weber Genesis E-310 Natural Gas Black Outdoor Grill - 3841001,Weber Genesis Series E-310 3841001 60' Freestanding Gas Grill with 637 sq. in. Cooking Surface & 3 Stainless Steel Burners: Black Natural Gas
36258,10376165,1,0.4267,D-Link Broadband Cable Modem - DCM202,D-Link Express EtherNetwork High-Speed DOCSIS 2.0 Cable Modem - DCM-202
32874,202870171,1,0.4288,Garmin 010-10723-00 AC Adapter Cable With International Adapters - 0101072300,CHARGE YOUR UNIT WITH THIS AC ADAPTER CABLE. ALSO INCLUDES INTERNATIONAL ADAPTER - 010-10723-00
33717,206928604,1,0.43,Toshiba Black DVD Recorder With 1080p Upconversion - DR410,Toshiba D-R410 DVD Player/Recorder
29304,206901618,1,0.4333,Haier 13' Silver Tube TV - HTR13,13in Crt Tv W/atsc Tuner - HTR13
31284,204049534,1,0.4367,Omnimount 42' - 63' Wishbone Cantilever Extra Large Flat Panel TV Silver Wall Mount - UCLXB,OmniMount Wishbone Large/X-Large Premium Cantilever Mount and Universal Adapter - UCL-XB
23965,203322272,1,0.4367,Panasonic All-in-One Flatbed Laser Fax - KXFLB801,Panasonic KX-FLB801 Multifunction Printer - KX-FLB801
27182,206481908,1,0.4373,Logitech Harmony RF Wireless Extender - RFEXT,Logitech Harmony RF Extender - 915-000044
37055,208941075,1,0.45,Garmin Nuvi 265WT GPS Navigation System - 0100057510,"Garmin nuVi 265WT - 4.3' Widescreen GPS w/Text to Speech, Bluetooth, Where Am I?, Connect Photos - 010-00575-10"
36309,208409785,1,0.45,iHome iPod & iPhone Clock Radio & Audio System - IP99BR,SDI Technologies IP99BR8 Clock Radio For iPod/iPhone
16394,203111424,1,0.4533,Danby Twin Tub Washer - DTT420WH,"Twin Tub DTT420 Washer (Top Loading, 10 Lbs.)"
29758,201953029,1,0.4533,Canon Black Ink Cartridge - PG50,Canon PG-50 High Capacity Black Ink Cartridge For PIXMA MP450 Printer - 0616B002
30158,204937142,1,0.4533,LaCie 1TB FireWire 800/FireWire 400/USB 2.0 External Hard Drive - 301199U,LaCie Big Disk Extreme+ Hard Drive - 301199U
33532,204071217,1,0.4567,TomTom GPS Mount And USB Car Charger - 9N00101,TOMTOM GPS Receiver Accessory Kit - 9N00.101
25113,207910387,1,0.4567,Denon 5-Disc CD Auto Changer - Black Finish - DCM290,DENON PRO 5 CD CAROUSEL CHANGER NIC - DCM290P
24615,203340555,1,0.4567,Nikon 55-200MM Zoom-Nikkor Lens Accessory - 2156,Nikon 55-200mm f/4-5.6G ED AF-S DX Telephoto Zoom Lens - 55200MMLENS
11801,206722262,1,0.4585,Escort Passport Radar And Laser Detector - Black Finish - 8500,Escort X50 Passport 8500 Radar Detector - High Intensity Red Display - 8500X50RED
21182,202486964,1,0.4593,GE Platinum HDTV Millennium TV Antenna - TV24734,GE Millennium TV Antenna - 24734
36249,208504437,1,0.46,Nikon D700 Digital SLR Digital Camera - D700BODY,Nikon D700 Digtal SLR Camera - 25444
34829,207682340,1,0.46,Speck SeeThru Clear Hard Shell Case For MacBook Air - MBACLRSEE,Speck Products SeeThru Case for Apple MacBook Air - MBA-CLR-SEE
31392,205753566,1,0.46,Speck Black ToughSkin iPod Classic Case - ICBLKTS,Speck Products ToughSkin for iPod classic - IC-BLK-TS
34548,207907555,1,0.4633,Sony White Earbud Style Headphones - MDREX55WH,Ex Series Earbuds Wht - MDR EX55/WHI
34000,207934192,1,0.4633,Sony Black 1080p Upscaling DVD Player - DVPNS700HB,Sony DVP-NS700H/B DVD Player
36450,209393872,1,0.4633,Samsung 46' Series 8 LCD Black Flat Panel HDTV - LN46A860,"Samsung LN46A860 46' LCD TV (Widescreen, 1920x1080, 50000:1, HDTV)"
38939,204823067,1,0.4654,Logitech V-UBM46 QuickCam Pro 9000 Black Webcam For Windows - 960000048,Logitech QuickCam Pro 9000 Webcam - 960-000048
27729,203379250,1,0.4667,LG WM0642HW 4.0 Cu Ft White Rear Control Washer - WM0642HWH,LG Electronics WM0642HW Front Load Washing Machine with 7 Washing Programs
35305,207637793,1,0.4667,Panasonic 60GB Hard Drive Camcorder - SDRH60,Panasonic Palmcorder SDR-H60 Digital Camcorder - SDR-H60S
23246,90146847,1,0.4717,Plantronics Voyager 510 Bluetooth Headset - Silver Finish - 496915,Plantronics Voyager 510 Bluetooth Earset
13945,207544306,1,0.4733,Onkyo 6 Disc CD Player Changer - DXC390B,"ONKYO 6-DISC CD CHANGER W/VLSC, BLACK NIC - DX-C390"
35060,207653535,1,0.4767,Omnimount Stellar Series Audio Tower - G303DARK,OmniMount Stellar G303 Series 3 Shelf Component Stand - Black - G303 DARK
36816,208893656,1,0.48,Nikon SB-900 AF Speedlight In Black - SB900,SB-900 AF SPEEDLIGHT W/-STND DIFFSN DOME FLT SET - 4807
35519,208289950,1,0.4828,BlueAnt Black Bluetooth Headset - Z9I,BlueAnt Wireless Z9i Bluetooth Headset - Black - US-091010
34465,209890796,1,0.4856,Twenty20 VholdR Mount Adhesive - 2200MA,VholdR 2200 Mount Adhesive (Black)
35552,206928359,1,0.4865,Garmin Vehicle Adjustable Suction Cup Mount - 0101082303,Garmin Adjustable Vehicle Suction Cup - 010-10823-03
35218,207536225,1,0.4933,Garmin Nuvi 255W GPS Navigation System - 0100071820,Garmin nvi 255W Automobile Navigator - 010-00718-20
35990,204049431,1,0.4933,Polk Audio White Round Two-Way In-Wall Loudspeaker  - TC60I,polkaudio TCi Series TC60i In-Ceiling Loudspeaker - TC60iW
37054,208941074,1,0.4967,Garmin Nuvi 275T GPS Navigation System - 0100057600,"Garmin nuVi 275T - 3.5' GPS w/Text To Speech, Bluetooth, Where Am I?, Connect Photos - 010-00576-00"
36931,208370418,1,0.4967,Speck Black ToughSkin Case For iPhone 3G - IPH3GBLKTS,3G iPhone Black ToughSkin - IPH3G-BLK-TS
35010,208117938,1,0.4978,LG 30' White Freestanding Gas Range - LRG30357WH,LG 5.0 cu.ft. Freestanding Gas Range
37805,209085175,1,0.5,Samsung S3 Black Multimedia Player - YPS3JAB,SAMSUNG 4GB PORTABLE MLTIMDIA PLYR BLK - YPS-S3JAB/XAA
24921,203340806,1,0.5033,Sony DSCH2 Soft Carrying Camera Case - Black Finish - LCSCSH,Sony LCS-CSH Soft Camera Case - LCSCSH
30436,204505951,1,0.5067,Olympus DS40 Digital Voice Recorder - DS40R,Olympus DS-40 512MB Digital Voice Recorder - 141910
34976,208504300,1,0.5067,Onkyo Black 7.1-Channel Home Theater System - HTS5100B,Onkyo HTS5100 Home Theater System - HTS5100B
38782,210566840,1,0.51,Sony VAIO FW Series Black Notebook Computer - VGNFW378JB,Sony VAIO FW378J/B Notebook - VGNFW378J/B
32990,206812505,1,0.5167,Toshiba Black Progressive Scan DVD Player - SD4100,Toshiba SD-4100 DVD Player
37309,209901964,1,0.52,Sony VAIO CS Series Black Notebook Computer - VGNCS180JQ,Sony VAIO CS180J/Q Notebook - VGNCS180J/Q
31032,210251970,1,0.5215,Chestnut Hill Sound George iPod Music System In White - CHS4001,Chestnut Hill CHS40001 Chestnut Hill George Ipod Dock Compact Stereo System
37474,209310245,1,0.5232,Canon PowerShot Black 14.7 Megapixel Digital Camera - SD990ISB,"Canon PowerShot SD990 IS 14 Megapixel Digital Camera w/ 3.7x Optical Zoom, UA Len, Face Detection, 2.5 LCD, & ISO 1600 - Black - 2669B001"
31014,205777541,1,0.5233,Universal RF Base Station - MRF260,Universal Remote Control MRF-260 Barrier-Free Addressable RF Base Station
38644,208344063,1,0.5233,Skullcandy CHOPS Headphones In Black Chrome - HH26SKC01,CHOPS HANGER - HEADPHONE - WIRED - EARBUDS - 18 - 20000 HZ - BLACK AND CHROME - HH26-SKC01
36345,204407682,1,0.5267,Transcend 8GB SDHC Card And Compact Card Reader - TS8GSDHC6S5W,Transcend 8GB Secure Digital High Capacity (SDHC) Card - Class 6 - TS8GSDHC6
25813,202973389,1,0.53,Tech Craft Avalon Series TV Stand - Black Finish - ABS32,Techcraft Veneto Series ABS32 TV Stand
38876,210634625,1,0.53,Apple iWork 09 Software Individual Pack For Mac - MB942ZA,IWORK 09 RETAIL-INT DVD - MB942Z/A
14563,202870448,1,0.53,Sharp Over The Counter Microwave Oven - R1214SS,Sharp R-1214 Microwave Oven - R-1214
34926,208117932,1,0.5302,LG Black Freestanding Electric Range - LRE30757BK,LG 5.6 cu.ft. Freestanding Electric Range
30206,204222662,1,0.5307,OmniMount CMK White Wall Cable Management Kit - CMKMINI,OmniMount CMK-MINI Mini Wall Mounted Cable Management System
33645,206928607,1,0.5333,Toshiba Black DVD Recorder/VCR Combinaton With Built-In Digital Tuner - DVR660,Toshiba D-VR660 DVD/VCR Combo
32877,204297424,1,0.5347,Garmin Nuvi Portable Friction Mount - 0101090800,Garmin Portable Friction Mount
29032,205145879,1,0.5367,Nikon COOLPIX Leather Camera Case In Black - 5811,Nikon Digital Camera Leather Case - 5811
29906,202139744,1,0.5367,Audiovox Xpress XM Satellite Radio Receiver Home Kit - XMH10A,Audiovox XMH10 Home Docking Kit
34927,208117933,1,0.5371,LG Stainless Steel Freestanding Electric Range - LRE30757SS,LG 5.6 cu.ft. Freestanding Electric Range
37403,209705777,1,0.54,Canon Black EOS 50D Digital SLR Camera Body - EOS50DBODY,"Canon EOS 50D 15 Megapixel SLR Digital Camera with Live View & Face Detection, 3' LCD, 6.3fps & DIGIC 4 Image Processor - Body Only - 2807B006"
9646,203111113,1,0.5425,Cuisinart Cordless Electric Kettle - KUA17,Cuisinart Cordless Automatic Electric Kettle
16003,208226458,1,0.5426,Maytag Over-The-Range Microwave Oven - MMV5207BK,Maytag 2.0 Cu. Ft. Over-the-Range Microwave Oven
28059,205592435,1,0.5432,Sony LCS-TWA/R Red Soft Leather Carrying Case - LCSTWAR,Sony LCS-TWA/R Cyber-shot Camera Case
33562,207542597,1,0.5433,Sony Cyber-Shot Black Digital Camera - DSCH10B,Sony Cyber-shot DSC-H10 Digital Camera - Black - DSCH10/B
30093,205467942,1,0.5433,Sony Black DVDirect MC5 Multi-Function DVD Recorder - VRDMC5,Sony VRDMC5 Digital Video Recorder
33726,207993409,1,0.5504,Boston Acoustics Solo AM/FM Large Display Clock Radio - HSOLOMDNT,Boston Acoustics Horizon Solo AM/FM Radio - HSOLOMNDT
28190,208464837,1,0.5559,Weber 3758301 Blue Genesis EP-320 LP Gas Grill - 3758301,Weber Genesis EP-320 Blue LP Gas Grill
25990,203915639,1,0.56,Frigidaire 24' PLD4375RFC Built-In Stainless Steel Dishwasher - PLD4375SS,"PLD4375RFC Professional SpeedClean 24-in. Under Counter Dishwasher (14 Place Settings, Stainless Steel)"
32340,205761530,1,0.56,Klipsch Black Wireless iPod Speaker - ROOMGROOVE,Klipsch RoomGroove Wireless iPod Speaker System - 1006602
37120,209114551,1,0.56,Canon PowerShot Black Digital Camera - SX110ISB,Canon PowerShot SX110 IS Digital Camera - Silver - 2666B001
37825,205505156,1,0.5617,Logitech MX Air Rechargeable Cordless Air Mouse - 931633,Logitech MX Air Rechargeable Cordless Air Mouse - 931633-0403
4696,90049928,1,0.5633,Sony Switcher - SBV40S,Sony SB-V40S A/V Selector - SBV40S
34963,208114682,1,0.5645,LG LFX25971ST 24.7 Cu. Ft. Stainless Steel French Door Bottom Freezer Refrigerator - LFX25971SS,LG 24.7 cu. ft. Stainless Steel French Door Bottom Mount Refrigerator
35011,208117936,1,0.5665,LG 30' Black Freestanding Gas Range - LRG30357BK,LG 5.0 cu.ft. Freestanding Gas Range
35031,208156878,1,0.5717,LG 2.0 Cu. Ft. Over-The-Range White Microwave Oven - LMVM2085WH,LG 2.0 cu.ft. Over the Range Microwave Oven
33998,208112354,1,0.5733,Sony BRAVIA Home Theater System - DAVHDX275,Sony BRAVIA DAV-HDX275 Home Theater System
31373,208455791,1,0.5733,Frigidaire GLD4355RFB Gallery SpeedClean 24' Black Dishwasher - GLD4355BK,Frigidarie GLD4355RF 24' Gallery Speed Clean Dishwasher (Black)
28350,204206935,1,0.5733,Panasonic Silver Dect 6.0 Cordless Telephone - KXTG1033S,Panasonic KX-TG1033S Digital Cordless Phone with Three Handsets
37650,209122924,1,0.58,Canon Printer Yellow Ink Cartridge - CLI221YEL,Canon CLI-221 Yellow Ink Cartridge - 2949B001
32054,206901619,1,0.58,Haier 13' TV/DVD Combo - TCR13,13in Crt Tv/dvd Combo - TCR13
36142,207907548,1,0.58,Sony Bud Style Headphones In Silver - MDRED12LPSLV,Bass Lover Earbuds Slver - MDRED12LP/SLV
39175,204822679,1,0.5867,Logitech Digital Precision PC Gaming Headset - 981000040,Logitech Digital Precision PC Gaming Headset - 981-000040
38323,203379234,1,0.59,LG White XL Load Capacity Electric Dryer - DLE0442WH,LG Electronics DLE0442W XL Load Capacity with NeveRust Stainless Steel Drum
33437,207464919,1,0.59,Yamaha  All-Weather Pair Speaker System - NSAW390WH,Yamaha Outdoor NS-AW390 All-Weather Speaker System - NS-AW390WH
34424,207390452,1,0.59,Polk Audio 5.1 Channel Black Home Theater Speaker System - RM705BK,Polk Audio RM705 Black 5.1 Channel Home Theater System - RM 705
33508,206928380,1,0.59,Canon Black 8.0 Megapixel PowerShot Digital Camera - A590IS,Canon PowerShot A590 IS Digital Camera - 2462B001
36052,90142591,1,0.5933,Canon 9517A002 EF-S 17mm - 85mm f/4.0-5.6 USM IS Zoom Lens - 9517A002,Canon EF-S 17-85MM f/4-5.6 IS USM Standard Zoom Lens
37311,209901963,1,0.5967,Sony VAIO CS Series White Notebook Computer - VGNCS180JW,"Sony VAIO CS Series VGN-CS180J/W 14.1-Inch Notebook 2.26 GHz Intel Core 2 Duo P8400 Processor, 4 GB RAM, 320 GB Hard Drive, Blu-ray Drive, Vista Home Premium- White - VGNCS180J/W"
28033,204448530,1,0.5967,Sony MDR-NC22/BLK Black Noise Canceling Headphones - MDRNC22,Sony Noise Cancelling Earphone - MDRNC22/BLK
35748,210435439,1,0.5967,Danby White Countertop Dishwasher - DDW497WH,Danby DDW497W Countertop Dishwasher
33643,206928605,1,0.5967,Toshiba Black 1080p Upconversion DVD Recorder/VCR Combinaton - DVR610,Toshiba D-VR610 DVD VCR Combo
35033,208156877,1,0.5995,LG 2.0 Cu. Ft. Over-The-Range Black Microwave Oven - LMVM2085BK,LG 2.0 cu.ft. Over the Range Microwave Oven
37308,209901965,1,0.6,Sony VAIO CS Series Pink Notebook Computer - VGNCS180JP,Sony VAIO CS180J/P Notebook - VGNCS180J/P
32055,210206538,1,0.6016,Twenty20 VholdR Wearable Camcorder Bundle - 1102,VholdR Wearable Camcorder (Black) - 1102
25364,203201060,1,0.6022,Olympus Digital Camera Neoprene Soft Case - Black With Grey Finish - 202066,Olympus Neoprene Soft Camera Case - 202066
29933,202139765,1,0.6033,Audiovox Xpress XM Satellite Radio FM Direct Adapter - XMFM1,Audiovox XMFM1 Switch Box
35694,208184891,1,0.6059,Samsung S2 White 1GB Flash MP3 Player - YPS2ZW,Samsung YP-S2ZW 1GB Flash MP3 Player - YP-S2ZW/XAA
34454,207390180,1,0.6067,Polk Audio Black 10' Powered Subwoofer - PSW110BK,polkaudio PSW Series PSW110 Powered Subwoofer
22100,201953026,1,0.6067,Canon High Capacity Color Ink Cartridge - Color Ink - CL51,"Canon CL-51 High Capacity Color Ink Cartridge For PIXMA MP450, PIXMA iP6210D and PIXMA iP6220D Printers - 0618B002"
26930,203445879,1,0.6084,Monster PS3 HDMI-2M Playstation 3 GameLink HDMI Digital Video/Audio Cable - PS3HDMI2M,Monster Game 127961 GameLink(tm) 2M HDMI Digital Video/Audio Cable for PS3
24789,203017911,1,0.61,Terk Mini Tuner Cartridge For XM Ready Home Products - CNP2000,Audiovox CNP2000 XM Mini-Tuner
34831,207682339,1,0.61,Speck SeeThru Pink Hard Shell Case For MacBook Air - MBAPNKSEE,Speck Products SeeThru Case for Apple MacBook Air - MBA-PNK-SEE
35111,201701865,1,0.61,Peerless 37' - 60' Flat Panel TV Black Wall Mount  - ST660P,Peerless Universal Tilt Wall Mount
29133,206887553,1,0.6133,Samsung DLP TV Stand In Black - TR72BX,Samsung TR72B TV Stand
36452,209208655,1,0.6133,Samsung 52' Series 8 LCD Black Flat Panel HDTV - LN52A860,"LN52A860 52' LCD TV (Widescreen, 1920x1080, HDTV)"
38813,209301534,1,0.6133,Speck ToughSkin Black Case For 4th Generation iPod Nano - NN4TSBLK,4G Nano ToughSkin - Black - NN4-TS-BLK
39054,207390496,1,0.6158,OmniMount 37' - 63' Ultra Low Profile Series Large Flat Panel TV Black Mount - ULPTLBK,OmniMount Ultra Low Profile ULPT-L Flat Panel Wall Mount - ULPT-L A
37310,209901966,1,0.6167,Sony VAIO CS Series Red Notebook Computer - VGNCS180JR,"Sony VAIO CS Series VGN-CS180J/R 14.1-Inch Notebook 2.26 GHz Intel Core 2 Duo P8400 Processor, 4 GB RAM, 320 GB Hard Drive, Blu-ray Drive, Vista Home Premium- Red - VGNCS180J/R"
23519,208456185,1,0.62,Whirlpool Duet Sport Front Loading White Washer - White Finish - WFW8300SWH,Whirlpool WFW8300SW 27' Front-Load Washer w/3.4 Cu. Ft. Capacity (White)
20534,203022202,1,0.6267,Pioneer Voice Command Pack - Black Finish - CDVC1,Pioneer Car Audio Remote Control - CDVC1
36097,205838157,1,0.6267,Canon Deluxe Black Digital Camera Case - 2595B002,Canon PSC-85 Deluxe Soft Case for the Powershot-A650 IS and A720 IS - 2595B002(AA)
33537,206898358,1,0.6309,Elgato Mac EyeTV Hybrid - 10020630,Elgato EyeTV Hybrid Analog/Digital TV Tuner Stick - 10020630
36906,208656495,1,0.6367,Olympus Pink 8 Megapixel Digital Camera - FE360PNK,Olympus FE-360 Digital Camera - Pink - 226540
34076,207959750,1,0.6367,Onkyo 7.1-Channel Black Home Theater Receiver - TXSR506B,Onkyo TXSR506 A/V Receiver
19112,90148541,1,0.6367,Sony Soft Cyber-Shot Carrying Case - LCSCST,Sony LCS Soft Carrying Case - LCSCST
34928,208117931,1,0.6398,LG 5.6 Cu. Ft. White Freestanding Electric Range - LRE30453WH,LG 5.6 cu.ft. Freestanding Electric Range
27964,203136103,1,0.64,LG LRBP1031 White Bottom-Freezer Refrigerator - LRBP1031WH,LG Electronics LRBP1031W 10 Cu. Ft. Refrigerator
35693,208184892,1,0.64,Samsung S2 Green 1GB Flash MP3 Player - YPS2ZG,Samsung YP-S2ZW 1GB Flash MP3 Player - YP-S2ZG/XAA
34158,206895864,1,0.64,Panasonic 40GB Hard Drive Camcorder - SDRH40,Panasonic Palmcorder SDR-H40 Digital Camcorder
37340,208890876,1,0.64,Panasonic Black High Defintion 60GB Hard Disk Drive/SD Hybrid Camcorder - HDCHS100K,"Panasonic HD 3MOS 60GB Hard Disk Drive/SD Hybrid Camcorder with Advanced Optical Image Stabilizer, Leica Lens, 12x Optical Zoom, 2.7' Wide LCD and Records to Internal Hard Drive and SD Card - HDC-HS100K"
34001,209297154,1,0.64,Sony Silver 1080p Upscaling 5-Disc DVD Player - DVPNC800HS,Sony DVP-NC800H/S DVD Player - DVP-NC800HS
37915,207465595,1,0.6433,Panasonic Silver 8.1 Megapixel Digital Camera - DMCFS3S,Panasonic Lumix DMC-FS3 Digital Camera - Silver
37497,208410812,1,0.6476,Nintendo DS Lite Metallic Silver Portable Gaming System - NDSUSGSVB,Nintendo DS Lite (Metallic Silver)
36635,208409750,1,0.65,Yamaha Black Digital Sound Projector - YSP3050BK,Yamaha YSP-3050 Digital Sound Projector - YSP-3050BL
33564,208504179,1,0.6533,Denon Blu-ray Disc DVD/CD Player - DVD3800BDCI,Denon DVD-3800BDCI Blu-ray Disc Player - DVD3800BDCI
36021,208226693,1,0.6533,Speck Clear 13' MacBook See Thru Hard Shell Case - MB13CLRSEEV2,Speck Products SeeThru Case for Apple 13' MacBook - MB13-CLR-SEE-V2
37810,210462233,1,0.6533,Sony VAIO LV Series Silver All-In-One Desktop Computer - VGCLV140J,Sony VAIO LV140J Desktop - VGC-LV140J
26525,203921172,1,0.6597,Bose SL2 Wireless Black Surround Link - SL2WIRELESS,Bose SL2 Wireless Surround Link
33453,207876535,1,0.66,Yamaha 7.2 Channel Black Digital Home Theater Receiver - RXV863BK,Yamaha RX-V863 Home Theater Receiver - RXV863BL
37293,209245965,1,0.66,Sony VAIO AW Series Titanium Grey Notebook Computer - VGNAW110JH,Sony VAIO AW110J/H Notebook - VGNAW110J/H
33452,207667994,1,0.6633,Yamaha 7.2 Channel Black Digital Home Theater Receiver - RXV663BK,Yamaha RX-V663 Home Theater Receiver - RXV663BL
32033,204465488,1,0.6633,Jabra Black Bluetooth Headset - BT5010,GN Jabra BT5010 Wireless Earset
37539,208670548,1,0.6633,Sony Blu-Ray Disc Player - BDPS550,Sony BDP-S550 - Blu-ray DVD Player
37477,209634135,1,0.67,Canon PowerShot Silver 14.7 Megapixel Digital Camera - SD990IS,"Canon PowerShot SD990 IS 14 Megapixel Digital Camera w/ 3.7x Optical Zoom, UA Len, Face Detection, 2.5 LCD, & ISO 1600 - Silver - 3191B001"
25036,202502745,1,0.6709,LEGO Star Wars II: The Original Trilogy Video Game For The Sony PSP - 023272329396,Lego Star Wars 2: The Original Trilogy
6726,203111433,1,0.6717,KitchenAid Pasta Roller And Cutter - KPRA,KitchenAid Pasta Roller And Cutter - KPRA
29464,204793355,1,0.6733,Sony Clip-On Black Headphones - MDRQ68LW,Sony MDR-Q68LW Stereo Earphone - MDRQ68LW
32022,204363358,1,0.6733,Sony Bluetooth Adaptor/Portable Transmitter - TMRBT10,SONY STEREO BLUETOOTH HEADSET *NIC* - TMRBT10/TMRBT10A
32027,210461432,1,0.68,Panasonic 27' Stainless Steel Microwave Trim Kit - TK903SS,PAN NN-TK903S MICROWAVE OVEN .08 CU. FT.
34218,208294712,1,0.68,LG 37' Black LCD Flat Panel HDTV - 37LG50,LG 37LG50 - 37' Widescreen 1080p LCD HDTV - 15000:1 Dynamic Contrast Ratio - 5ms Response Time
35498,90144998,1,0.68,Sennheisser Hi-Fi Wireless Headphone - RS130,Sennheiser RS 130 Wireless Headphone - RS130
23097,202515446,1,0.68,Uniden 5.8GHz Accessory Handset And Charger - TCX905,Uniden TCX905 Tru-Digital Expansion Handset With Caller ID
580,202812620,1,0.6821,Bose Acoustimass 5 Series III Speaker System - AM53BK,Bose Acoustimass 5 Series III Speaker System - 21725
32416,205664913,1,0.683,GE Amplified Quantum Antenna - TV24775,GE 24775 Amplified Quantum HDTV Antenna
35276,208084021,1,0.6833,Pioneer KURO 50' Black Plasma HDTV - PDP5020FD,Pioneer PDP-5020FD 50' Plasma TV
37405,208973561,1,0.6833,Sony BRAVIA Theater Black Micro System - DAVIS50B,Sony BRAVIA DAV-IS50/B Home Theater System
16112,202900041,1,0.6833,Panasonic Genius Prestige Inverter Microwave Convection Oven NNC994SS In Stainless Steel - NNC994SS,"Panasonic NN-C994S Genius Prestige Convection Microwave Oven with Inverter Turbo Defrost and One-Touch Sensor Cooking, Stainless"
35384,208289993,1,0.6867,Sony Black DVD Recorder And VHS Combo Player - RDRVX560,Sony RDR-VX560 DVD/VCR Combo
38208,207527632,1,0.6867,Panasonic Blue 8.1 Megapixel Digital Camera - DMCFS3A,Panasonic Lumix DMC-FS3 Digital Camera - Blue
36607,209891039,1,0.69,Denon 7.1 Channel AV Receiver With Network Client Compatible D-Dock Port In Black - AVR2809CI,Denon AVR2809CI A/V Receiver
37468,209310241,1,0.69,Canon PowerShot Black 10 Megapixel Digital Camera - SX10IS,Canon PowerShot SX10 IS Digital Camera - 2665B001
24937,203324914,1,0.6928,Omnimount Moda 2 Shelf Wall Furniture - MWFS,OmniMount MWFS Moda Collection 2 Shelf Wall Mounted Furniture System - Espresso
33458,210401450,1,0.6933,Apple MacBook Air SuperDrive - MB397GA,Apple 8x DVDRW Drive - MB397G/A
34378,210402319,1,0.6933,Polk Audio I-Sonic ES2 - ISONIC,Polk Audio I-Sonic ES2 Entertainment System 2 AM/FM and HD Table Radio - AM1195-A
33444,207667995,1,0.6933,Sony High Definition DVD Handycam Camcorder - HDRUX10,"Handycam HDR-UX10 DVD Camcorder (15x Opt, 180x Dig, 2.7' LCD) - HDRUX10"
36502,209306029,1,0.6967,Onkyo THX Select2 Plus Certified 7.1 Channel Home Theater Black Receiver - TXSR706B,Onkyo TX-SR706 A/V Receiver - TXSR706B
10640,203024425,1,0.7,Denon Semi-Automatic Turntable - Black Finish - DP29F,Denon DP-29F Analog Record Turntable - DP29F
37404,209705778,1,0.7,Canon Black EOS 50D Digital SLR Camera With 28-135MM Lens - 50D28135,"Canon EOS 50D 15 Megapixel SLR Digital Camera w/28-135MM IS USM Lens, Live View & Face Detection, 3' LCD, 6.3fps, DIGIC 4 Image Processor & HDMI output - 2807B005"
25814,202973396,1,0.7,Tech Craft Avalon Series TV Stand - SWP48,Techcraft Veneto Series SWP48 TV Stand
13155,90109367,1,0.7033,Peerless Wall TV Mounts In Black - PM1327BK,Peerless Adjustable TV Wall Mount - PM1327
33664,205520997,1,0.7033,Bracketron iPod Docking Kit - IPM202BL,Bracketron iPod Docking Kit
30338,206460113,1,0.7033,Yamaha Black Digital Sound Projector - YSP4000BK,Yamaha YSP-4000 Digital Sound Projector -- Black - YSP-4000BL
35925,205074375,1,0.7033,Directed 50ft Extension Cable - 14230,Sirius 14230 50-FT ANTENNA EXTENSION CABLE - DEI14230
18441,209002546,1,0.7045,Mosquito Magnet Defender Replacement Net - MM4000NET1,Mosquito Magnet Defender Net (replacement)
26445,203407043,1,0.7092,Nyko PlayStation 3 ChargeLink USB Charging Cable - 743840830009,PlayStation 3 ChargeLink USB Charging Cable by Nyko - 83000
37201,209656971,1,0.71,Apple 16GB Green 4th Generation iPod Nano - MB913LLA,Apple iPod nano 16GB Flash Portable Media Player - MB913LL/A
29007,204792885,1,0.71,LG DLG2526W White Super Capacity Gas Dryer - DLG2526WH,"LG Electronics DLG2526W 27' Gas Dryer with 7.0 cu. ft. Capacity, 5 Dry Programs, 5 Temperature Controls, 5 Drying Levels and Sensor Dry System"
33864,207936135,1,0.71,Samsung Hi Definition Conversion DVD Player - DVD1080P8,Samsung DVD-1080P8 DVD Player
32882,204563949,1,0.7133,Pioneer Remote Control With DVD/Audio Controls - CDR55,Pioneer CD-R55 Wireless Remote for Avic-D3/4900DVD - CDR55
38800,207654105,1,0.7133,Canon EOS Rebel XSi Silver Digital SLR Camera - XSIREB1855S,Canon EOS Rebel XSi Digital SLR Camera with EF-S 18-55mm f/3.5-5.6 IS Lens - Silver - 2757B003
36718,208930723,1,0.7133,Nikon Graphite Black 14.5 Megapixel COOLPIX Digital Camera - COOLPIXS710BK,"Nikon COOLPIX S710 14 Megapixel Digital Camera w/3.6x Optical Wide-Angle Zoom, 3' LCD, Smile Mode, In-Camera Red-Eye Fix - Black - 26127"
33924,208111904,1,0.7133,Panasonic Black DVD Home Theater Sound System - SCPT960,Panasonic SC-PT960 Home Theater System
34125,203165921,1,0.7167,Belkin Cush Top For Computer Laptop - F8N044ORG,Belkin CushTop - F8N044-ORG
35018,207900343,1,0.7167,Samsung 5 Disc Home Theater Surround Sound System - HTTZ515,Samsung HT-TZ515 Home Theater System - HTZ515/XAA
30134,206362873,1,0.72,Apple Mac Mini 1.83GHz Intel Core 2 Duo Computer - MB138LLA,Apple Mac mini Desktop - MB138LL/A
17372,10363243,1,0.7233,Belkin AC Anywhere - F5C400300W,Belkin AC Anywhere 300W Power Inverter - F5C400-300W
16758,90137168,1,0.7262,Sanus Silver LCD Television Turntable - TVLCDS,Sanus Television Turntable - TV/LCDS
36969,203474227,1,0.7267,Oregon Scientific AT18 Wearable Waterproof Action Camcorder - ATC2000,Oregon Scientific Helmet Video Camera - ATC-2000
38329,210227282,1,0.7267,Panasonic Black Hi-Definition Camcorder Starter Kit - VBGVBB1STRKIT,Battery and Bag Bundle for Panasonic Camcorders - VBG-VBB1STRKIT
19132,202778315,1,0.7267,Pioneer XM Digital Satellite Tuner for Pioneer Headunits - GEXP920XM,Pioneer GEX-P920XM XM Digital Satellite Tuner - GEX-P920XM
34934,208117929,1,0.7273,LG 5.6 Cu. Ft. Black Freestanding Electric Range - LRE30453BK,LG 5.6 cu.ft. Freestanding Electric Range
35219,208504334,1,0.73,Sony 46' BRAVIA Z Series Black LCD Flat Panel HDTV - KDL46Z4100B,Sony BRAVIA Z Series KDL-46Z4100 46' LCD TV - KDL46Z4100/B
38873,210399907,1,0.73,Denon Home Theater Receiver And Boston Acoustics 5.1 Speaker System Package - DHT589BA,Denon DHT-589BA Home Theater System
32625,201935116,1,0.7339,Logitech diNovo Media Desktop Laser Keyboard And Mouse Combo - 967562,Logitech diNovo Media Desktop Laser - 967562-0403
18524,90145909,1,0.7366,Weber Performer 22-1/2' Charcoal Grill - 848001,Weber 848001 Performer 22.5' Charcoal Grill in Dark Blue
24368,202899996,1,0.7367,Panasonic Digital Camera Battery - CGAS007A1B,Panasonic CGA-S007A/1B Lithium Ion Digital Camera Battery
33965,206780877,1,0.74,Logitech Harmony One Advanced Universal Remote Control - HARMONY1,Logitech Harmony One Advanced Universal Remote Control - 915-000035
36761,208453648,1,0.74,Sony VAIO Z Series Black Notebook Computer - VGNZ591UB,Sony Z591U/B Notebook - VGNZ591U/B
35045,207986331,1,0.74,Samsung Black Combo DVD/VHS Player - DVDV9800,Samsung DVD-V9800 DVD/VCR Combo Player w/ 1080p Up-Conversion
30708,205083947,1,0.74,Uniden DECT 6.0 Cordless Digital Answering System - DECT20802,Uniden DECT 6.0 1.9GHz Cordless Phone - DECT2080-2
37301,209302310,1,0.7433,Sony VAIO CS Series Red Notebook Computer - VGNCS110ER,Sony VAIO CS110E/R Notebook - VGNCS110E/R
29099,204222472,1,0.7433,Olympus Silver Digital Voice Recorder - VN4100PC,Olympus VN-4100PC 256MB Digital Voice Recorder - 141927
26117,204587909,1,0.7433,Universal MRF-350 RF Black Base Station - MRF350,Universal Remote Control MRF-350 Addressable Narrow Band RF Base Station with RFX-250 Antenna
37496,202985950,1,0.744,Nintendo DS Lite Onyx Black Portable Gaming System - NDSUSGSKB,Nintendo DS Lite (Black Onyx) - USGSKB
31332,205761272,1,0.7467,Sony Universal Remote Control - RMEZ4,Sony Universal Remote Control - RM-EZ4
36022,208226697,1,0.7467,Speck Green 13' MacBook See Thru Hard Shell Case - MB13GRNSEEV2,Speck Products SeeThru Case for Apple 13' MacBook - MB13-GRN-SEE-V2
38164,209700735,1,0.7467,Apple USB Power Adapter - MB352LLB,USB POWER ADAPTER ACCS - MB352LL/B
33476,208504178,1,0.7467,Sony Black Cyber-Shot Digital Camera - DSCW150B,Sony Cyber-shot DSC-W150 Digital Camera - Black - DSCW150/B
36812,210399819,1,0.75,Onkyo THX Ultra2 Certified 7.1 Channel Home Theater Black Receiver - TXNR906B,Onkyo TX-NR906 A/V Receiver - TXNR906B
23651,202784323,1,0.75,Pioneer 6.5' 2-Way Marine White Speakers - TSMR1640,Pioneer Nautica TS-MR1640 Marine Speaker - TS-MR1640
37652,210254965,1,0.75,Canon Printer Ink Cartridge 4 Colors Pack - 2946B004,Canon CLI-221 Color Ink 4-Pack (Black/ Cyan/ Magenta/ Yellow) - 2946B004
28971,204679144,1,0.7528,Altec Lansing inMotion iPod Portable Audio System - IM600USB,Altec Lansing inMotion iM600 Portable Audio Speaker System - IM600
28978,204519849,1,0.7533,Panasonic Stainless Steel Countertop Microwave Oven - NNSD377SS,Panasonic NN-SD377S 0.8 cu.ft. 800 WATT Microwave Oven
34969,208294720,1,0.7533,LG 32' Black LCD Flat Panel HDTV - 32LG30,LG 32LG30 - 32' Widescreen 720p LCD HDTV - 12000:1 Dynamic Contrast Ratio - 8ms Response Time
36061,208791922,1,0.7567,Toshiba Black DVD/VCR Combinaton Player - SDV296,Toshiba SD-V296 DVD/VCR Combo
37558,205690063,1,0.7568,Nintendo DS Lite Crimson/Black Portable Gaming System - NDSUSGSRMKB,Nintendo DS Lite (Crimson & Black) - USGSRMKB
25732,203341506,1,0.7576,Olympus Premium Slim Leather Case In Black - 202087,Olympus Slim Leather Case - 202087
35054,202784218,1,0.76,Pioneer 4'x6' 2-Way Component Plate Speaker - TSP462,Pioneer TS-P462 Speaker
34442,208455894,1,0.7633,Sony 3.1 Channel Home Theater Surround System In Black - HTCT100,Sony HT-CT100 Home Theater System
31836,205844265,1,0.7633,Sony Lithium-Ion Rechargeable Battery Pack - NPFD1,Sony InfoLITHIUM D-Type NP-FD1 Digital Camera Battery - NPFD1
33938,208464825,1,0.7643,Weber Summit E-620 Copper Liquid Propane Gas Outdoor Grill - 1752001,Weber Summit E-620 Copper LP Gas Grill
23246,204787802,1,0.765,Plantronics Voyager 510 Bluetooth Headset - Silver Finish - 496915,Plantronics Voyager 510 Bluetooth Headset
34154,207390673,1,0.7667,Panasonic Black Lumix Wide Angle Lens Digital Camera - DMCTZ5K,Panasonic Lumix DMC-TZ5 Digital Camera - Black
30939,205557540,1,0.7667,Canon Color Image Silver Scanner - 8800F,Canon CanonScan 8800F Flatbed Scanner - 2168B002
15452,90136420,1,0.7667,Sony Stereo Audio Receiver - STRDE197,Sony STR-DE197 - AV Receiver - 100 Watts per Channel
39176,10380060,1,0.7667,Logitech 2.1 Multimedia Silver Speaker System - Z2300,Logitech Z-2300 Multimedia Speaker System - 970118-0403
39090,208504394,1,0.77,Mitsubishi DLP Black TV Stand - MBS73V,Mitsubishi MB-S73 TV Stand
33522,207654106,1,0.77,Canon Black EOS Rebel XSi Digital SLR Camera - XSIREB1855,Canon EOS Rebel XSi Digital SLR Camera with EF-S 18-55mm f/3.5-5.6 IS Lens - Black - 2756B003
28979,204559213,1,0.77,Panasonic Countertop Microwave Oven In Black - NNSN667BK,Panasonic NNSN667B 1.2 cu. ft. Countertop Microwave Oven In Black
35853,208085175,1,0.77,Pioneer USB iPod Interface Cable - CDIU230V,Pioneer Direct Control Cable - CD-IU230V
34309,208455893,1,0.77,Sony Bravia Wireless Home Theater System In Black - DAVHDX576WF,Sony BRAVIA DAV-HDX576WF Home Theater System
25111,203017912,1,0.7733,Terk Mini Tuner Home Dock For XM Ready Home Products - Black Finish - CNP2000H,Audiovox CNP2000H XM Mini-Tuner Home Dock
37182,209705774,1,0.7733,Apple 16GB Black 2nd Generation iPod Touch - MB531LLA,Apple iPod touch 16GB Flash Portable Media Player - MB531LLA
8060,90105056,1,0.7767,Panasonic 2-Line Integrated Telephone System - KXTS208W,Panasonic KX-TS208W Corded Phone
35475,208670546,1,0.7767,Sony DVD Recorder In Black - RDRGX360,Sony RDR-GX360 DVD Player/Recorder
33908,208111903,1,0.78,Panasonic Black Blu-ray Disc Theater Sound System - SCBT100,Panasonic SC-BT100 Home Theater System - SC-BT100P-K
36859,210399849,1,0.78,Denon D-M37 Black CD/AM/FM Micro System - DM37SBK,Denon DM37SBK - D-M37SBK
38324,209393521,1,0.78,Griffin Black iPhone 3G Clarifi Protective Case With Built-In Close-Up Lens - 8245IP2MGNFI,Griffin 8245-IP2MGNFI Clarifi Protective case for Smartphone
8552,90138609,1,0.78,Sony 300 Disc CD Changer - CDPCX355,Sony CDP-CX355 300 Disc MegaStorage CD Changer
36909,208656497,1,0.7833,Olympus Silver 8 Megapixel Digital Camera - FE370S,Olympus FE-370 Digital Camera - Silver - 226420
37287,208937533,1,0.7833,Toshiba 32' Black LCD Flat Panel HDTV - 32AV502U,Toshiba 32AV502 - 31.5' Widescreen 720p LCD HDTV w/ Cinespeed - Piano Black - 32av502u
33498,206928390,1,0.7833,Canon Blue 8.0 Megapixel PowerShot Digital Camera - SD1100ISB,Canon PowerShot SD1100 IS Digital ELPH Camera - Rhythm & Blue - 2512B001
35186,208117919,1,0.7833,LG 24' LDF6920ST Fully Integrated Built In Stainless Steel Dishwasher - LDF6920SS,"LG LDF6920ST Fully Integrated Dishwasher with 5 Wash Cycles, 3 Spray Arms, SenseClean System, Delay Start, Food Disposer and Self-Clean Filter: Stainless Steel"
37110,209114551,1,0.7867,Canon PowerShot Silver Digital Camera - SX110IS,Canon PowerShot SX110 IS Digital Camera - Silver - 2666B001
30594,204939361,1,0.7867,Audiovox Commander MT XM Satellite Radio Receiver - XMRVRFM002,Audiovox Satellite Radio Tuner
38798,205852250,1,0.7867,Peerless Black Flat Panel TV Stand - SS550PBK,Peerless SS550P Flat Panel TV Stand
34127,203165922,1,0.7867,Belkin Cush Top For Computer Laptop - F8N044GRN,Belkin CushTop - F8N044-GRN
33081,208085180,1,0.79,Pioneer DEH-2000MP CD/MP3/WMA In-Dash Receiver - DEH2000MP,Pioneer DEH-2000MP Car Audio Player
17067,90140498,1,0.79,Canon Rechargeable Battery - 9763A001,Canon NB-4L Rechargeable Camera Battery - 9763A001
31970,206419131,1,0.79,Nikon D300 Digital SLR Digital Camera - D300BODY,Nikon D300 Digital SLR Camera - 25432
26617,201692705,1,0.79,Canon PGI-5BK Black Ink Tank Cartridge - PGI5BK,Canon PGI-5BK Black Ink Cartridge - 0628B002
27391,204791643,1,0.79,Kenwood KCA-IP300V iPod Video Direct Cable - KCAIP300V,Kenwood iPod-Video Direct Adapter - KCAiP300V
37360,202784323,1,0.79,Pioneer 6.5' 2-Way Marine White Speakers - TSMR1640FM,Pioneer Nautica TS-MR1640 Marine Speaker - TS-MR1640
33177,207390617,1,0.7933,Sony Pink Cyber-Shot 7.2 Megapixel Digital Camera - DSCW120P,Sony Cyber-shot DSC-W120 Digital Camera - Pink - DSCW120/P
22242,203198950,1,0.7933,Cuisinart Programmable Coffeemaker - Stainless Steel Finish - DCC2000,"DCC-2000 Coffee Maker (12 Cup, Stainless Steel)"
38483,210259873,1,0.7933,Transcend 8GB Micro Secure Digital Memory Card - TS8GUSDHC6,Transcend 8GB microSDHC Card - Class 6 - TS8GUSDHC6
22212,90131741,1,0.7933,Sennheisser Hi-Fi Wireless Headphone - RS120,Sennheiser RS 120 Wireless Hi-fi Headphone - RS120
25167,203324800,1,0.7933,Denon Progressive Scan Universal DVD Player - DVD2930CI,Denon DVD-2930CI DVD Player - DVD2930CI
33612,207506250,1,0.7933,Panasonic 26' LCD HDTV In Black - TC26LX85,Panasonic VIERA TC-26LX85 26' LCD TV
37322,209307663,1,0.7933,Sony VAIO NS Series Silver Notebook Computer - VGNNS190JS,Sony VAIO NS190J/S Notebook - VGNNS190J/S
31414,204222915,1,0.7933,Sanus 15' - 32' Flat Panel TV Black Wall Mount - MF209B1,Sanus MF209-B1 Full Motion Wall TV Mount
33972,204556588,1,0.7933,D-Link Wireless N USB Adapter - DWA130,D-Link DWA-130 Wireless N USB Adapter
7195,90105458,1,0.7933,Sony Vertical-In-The-Ear Stereo Headphones - MDRJ10,Sony h.ear Stereo Earphones - MDRJ10/BLUE
19628,202778257,1,0.7933,Pioneer Wired Marine Remote Control Display - CDMR80D,Pioneer Nautica Marine Remote Control
26059,203870569,1,0.7937,Garmin 010-10823-00 Black Nuvi 660 Vehicle Suction Cup Mount - 0101082300,Garmin Suction Cup Mount - 010-10823-00
38129,210227261,1,0.7967,Sharp AQUOS Black Blu-ray Disc Player - BDHP50U,Sharp AQUOS BD-HP50U Blu-ray Disc Player
32880,205106048,1,0.7967,Garmin Suction Cup Mount And 12-Volt Adapter Kit - 0101097900,Garmin Suction cup mount/12-volt adapter kit - 010-10979-00
38550,208296017,1,0.7967,Samsung 2.1 Channel Bluetooth Home Theater System - HTX710T,Samsung HT-X710 Bluetooth 400-Watt Home Theater System With iPod Dock
18960,202067544,1,0.7967,Nikon AF Speedlight Accessory - SB600,Nikon Speedlight SB-600 AF Flash Light - 4802
16774,90139860,1,0.7967,Olympus Olympus Ni-MH Quick Charger And Battery Set - B90SU,Olympus B-90SU AA/AAA Size Battery Charger - 200899
33955,207391023,1,0.8,Panasonic Black 1080p Up-Conversion DVD Recorder And VHS Combo Player - DMREZ48VK,Panasonic DMR-EZ48VK DVD/VCR Combo
35201,208504318,1,0.8,Sony 40' BRAVIA Z Series Black LCD Flat Panel HDTV - KDL40Z4100B,Sony BRAVIA Z Series KDL-40Z4100 40' LCD TV - KDL40Z4100/B
37964,209310243,1,0.8,Canon Silver PowerShot Digital Camera - SD880IS,Canon PowerShot SD880 IS Digital Camera - Silver - 3197B001
33767,208112357,1,0.8,Sony DVP-FX820 Red 8' Portable DVD Player - DVPFX820R,Sony DVP-FX820/R Portable DVD Player - DVPFX820/R
36274,206870289,1,0.8,Transcend 16GB SDHC Card And Compact Card Reader - TS16GSDHC6S5W,Transcend 16GB SDHC Card & Compact Card Reader S5 - TS16GSDHC6-S5W
25550,202827713,1,0.8,Sanus 15' To 40' Flat Panel Black TV Wall Mount - ML22B1,Sanus VisionMount Flat Panel TV Wall Mount - ML22-B1
33278,206808441,1,0.8,Canon Silver Dual Flash Memory Camcorder - FS11,Canon FS11 Digital Camcorder - 2685B001
25829,202827684,1,0.8,Sanus 15' - 40' VisionMount Flat Panel TV Black Wall Mount - MF110B,Sanus VisionMount Flat Panel TV Wall Mount - MF110-B1
38735,203329570,1,0.8005,Logitech diNovo Edge Keyboard Windows Edition - 967685,Logitech diNovo Edge Keyboard - 967685-0403
37123,209114552,1,0.8033,Canon PowerShot A1000 IS Gray Digital Camera - A1000ISG,Canon PowerShot A1000 IS Digital Camera - Gray - 3210B001
33496,206928384,1,0.8033,Canon Silver 8.0 Megapixel PowerShot Digital Camera - SD1100IS,Canon PowerShot SD1100 IS Digital ELPH Camera - Swing Silver - 2508B001
34004,207652055,1,0.8033,Samsung 52' Series 5 LCD Black Flat Panel HDTV - LN52A550,"Samsung LN52A550 - 52' Widescreen 1080p LCD HDTV - 30,000:1 Dynamic Contrast Ratio - 5ms Response Time - Piano Black"
30196,205593367,1,0.8033,Denon 7.1 Channel Home Theater MultiMedia A/V Receiver With Networking And WiFi - AVR4308CI,Denon AVR-4308CI A/V Receiver - AVR4308CI
37457,209026634,1,0.8033,Toshiba 42' Regza TheaterWide Black Flat Panel LCD HDTV - 42RV535U,Toshiba 42RV535U - 42' Widescreen 1080p LCD HDTV w/ Cinespeed - Piano Black
34165,206928452,1,0.8053,Belkin Neoprene Sleeve For MacBook Air - F8N065BLK,Belkin Neoprene Sleeve for MacBook Air - Neoprene - Black
24493,202900030,1,0.8067,Panasonic 2-Line Integrated Phone System - White Finish - KXTS3282W,Panasonic KX-TS3282W Corded Telephone
32688,208033808,1,0.8067,Pioneer Single Din CD Receiver - DEHP3000IB,Pioneer DEH-P3000IB Car Audio Player
37210,209656961,1,0.8067,Apple 120GB Black 7th Generation iPod Classic - MB565LLA,Apple iPod Classic 120GB Hard Drive Portable Media Player - MB565LL/A
26563,202125720,1,0.8067,Sony Digital Photo Printer Paper 120 Pack - SVMF120P,Sony Ribbon and Paper with Snap-Off Edges For DPP-FP50 Digital Photo Printer - SVMF120P
33279,206808440,1,0.8067,Canon Silver Dual Flash Memory Camcorder - FS10,Canon FS10 Digital Camcorder - 2686B001
29008,204792886,1,0.8067,LG WM2016CW 3.6 Cu Ft White Front Load Washer - WM2016CWH,"LG Electronics WM2016CW 27' Front-Load Washer with 3.5 cu. ft. Capacity, 5 Wash Programs, 5 Temperature Levels, 1050 RPM Maximum and SenseClean System"
27137,204049780,1,0.8067,Nikon EN-EL9 Black Rechargeable Li-ion Battery - ENEL9,Nikon EN-EL9 Lithium Ion Digital Camera Battery Pack - 25353
29238,204206937,1,0.8067,Panasonic Expandable Digital Cordless DECT 6.0 Handset In Silver - KXTGA101S,Panasonic KX-TGA101S DECT 6.0 Expansion Handset
32384,202989028,1,0.8081,Logitech QuickCam Communicate STX - 961464,"Logitech QuickCam Communicate STX Webcam - Black, Charcoal - 961464-0403"
37235,210256478,1,0.81,Sony BRAVIA Black SXRD 1080p Home Theater Front Projector - VPLHW10,Sony BRAVIA VPL-HW10 Digital Projector - VPLHW10
35872,207937885,1,0.81,Sharp Plasmacluster Air Purifier - KCC100U,Sharp Air Purifier 194 CFM Max - KC-C100U
38522,210267015,1,0.81,Flip Video F460 Black Mino HD Camcorder - F460B,Flip Video MinoHD 60 min Black - F460B
37499,208043057,1,0.811,Nintendo DS Lite Metallic Rose Portable Gaming System - NDSUSGSZPB,Nintendo DS Lite (Metallic Rose) - USGSZPB
27248,10246269,1,0.8133,Belkin F3H982-10 Pro Series High Integrity 10 Feet Monitor Cable - F3H98210,Belkin Pro Series High Integrity VGA/SVGA Monitor Extension Cable - F3H982-10
34126,203166120,1,0.8133,Belkin Cush Top For Computer Laptop - F8N044SLV,Belkin CushTop - F8N044-SLV
34260,207390507,1,0.8133,Denon Blu-ray Disc DVD/CD Digital Player/Transport - DVD2500BTCI,Denon DVD-2500BTCI Blu-ray Disc Player
37183,209656949,1,0.8133,Apple 32GB Black 2nd Generation iPod Touch - MB533LLA,Apple iPod touch 32GB Flash Portable Media Player - MB533LL/A
38173,210441817,1,0.8167,Panasonic DECT 6.0 2-Line Digital Expandable Corded/Cordless Phone System - KXTG9391T,Panasonic Kx-tg9391t Dect 6.0 Two-line Corded/cordless Phone Combo - KX-TG9391T
24346,208972043,1,0.8167,Panasonic Lithium Ion Rechargeable Battery - Black Finish - CGRS006A1B,Panasonic Lithium Ion Digital Camera Battery - CGR-S006A/1B
33382,207910214,1,0.8167,Yamaha RX-V363BL 5.1 Channel Digital Home Theater Receiver In Black - RXV363BK,Yamaha RX-V363 Home Theater Receiver - RXV363BL
37208,209656950,1,0.8167,Apple 120GB Silver 7th Generation iPod Classic - MB562LLA,Apple iPod Classic 120GB Hard Drive Portable Media Player - MB562LL/A
27407,203930685,1,0.8174,Sony SCPH-98046 PlayStation 3 Blu-Ray DVD Remote Control - 711719804604,Sony Playstation 3 Blu-Ray DVD Remote - 98046
28397,203087319,1,0.8192,GE Pre-Amplifier For Stereo Turntable - AV23292,GE Pre-Amplifier for Stereo Turntable - 23292
37181,209705773,1,0.82,Apple 8GB Black 2nd Generation iPod Touch - MB528LLA,Apple iPod touch 8GB Flash Portable Media Player - MB528LLA
13202,10379358,1,0.82,Panasonic Laser Toner Cartridge - KXFA83,Panasonic Black Toner Cartridge - KX-FA83
38784,204222897,1,0.82,Sanus 30' - 50' Full-Motion Flat Panel TV Black Wall Mount - LRF118B1,Sanus LRF118-B1 Full Motion Wall TV Mount
37010,210399855,1,0.82,Onkyo Black Stereo Receiver - TX8255,Onkyo TX-8255 A/V Receiver
24153,208715855,1,0.82,Whirlpool 10' WHP1000SQ Duet Washer And Dryer White Pedestal Without Drawer - WHP1000WH,Pedistal for Duet Sport Electric Washer/Dryer - WHP1000SQ
34065,207643194,1,0.82,Canon Silver 10 Megapixel PowerShot Digital Camera - SD890IS,Canon PowerShot SD890 IS Digital Camera - 2566B001
38697,206892248,1,0.82,Logitech Cordless Desktop MX 5500 Revolution Keyboard And Mouse Combination - 920000383,Logitech Cordless Desktop MX 5500 Revolution Keyboard and Mouse - 920-000383
33431,207390644,1,0.8233,Sony Silver MiniDV Handycam Camcorder - DCRHC52,Sony Handycam DCR-HC52 Digital Camcorder - DCRHC52
34998,208079230,1,0.8233,Samsung 50' Widescreen Plasma HDTV - PN50A650,"Samsung PN50A650 50' 1080p Plasma HDTV - 1,000,000:1 Dynamic Contrast Ratio - Anti Burn-in Technology"
25776,90114631,1,0.8267,Sony Lightweight Tripod - Black Finish - VCTR640,Sony VCT-R640 Tripod - VCTR640
32431,202827677,1,0.8267,Peerless 42' - 71'  Articulating Flat Panel TV Silver Dual Wall Arm Mount - PLAV70UNLPS,Peerless PLAV70-UNLP-S Articulating Dual-Arm with Vertical Adjustment - PLAV70 UNLPS
11338,90140166,1,0.83,Sony Xplod 10-Disc Add-On CD/MP3 Changer - CDX565MXRF,Sony CDX-565MXRF 10-Disc CD/MP3 Changer
33788,207543197,1,0.8333,Panasonic Black Dect 6.0 Cordless Telephone - KXTG9333T,Panasonic KX-TG9333T Cordless Phone - KX-TG9333T
29231,204206936,1,0.8333,Panasonic Expandable Digital Cordless DECT 6.0 Answering System In Silver - KXTG1034S,Panasonic KX-TG1034S DECT 6.0 Cordless Phone - KX-TG1034S
35277,208085253,1,0.8333,Pioneer KURO 60' Black Plasma HDTV - PDP6020FD,Pioneer PDP-6020FD 60' Plasma TV
31881,203514371,1,0.8333,Linksys Wireless-G PrintServer - WPSM54G,Linksys WPSM54G Wireless-G USB Print Server
36260,10316920,1,0.8333,LaCie USB 2.0 Floppy Disk Drive - 706018,LaCie Pocket Floppy Disk Drive - 706018
32034,10333368,1,0.8364,Kensington Orbit Optical Trackball Mouse - 64327,Kensington Orbit Optical Trackball - USB w/PS2 Adapter - 64327
33763,208112356,1,0.8367,Sony DVP-FX820 Blue 8' Portable DVD Player - DVPFX820LI,Sony DVP-FX820/L Portable DVD Player - DVPFX820/L
7936,90104307,1,0.8367,Panasonic Integrated Telephone System - KXTS108W,Panasonic KX-TS108W Corded Phone
30197,205593354,1,0.8367,Denon 7.1 Channel Home Theater MultiMedia A/V Receiver With Networking In Black - AVR3808CI,Denon AVR-3808CI A/V Receiver - AVR3808CI
35485,206901613,1,0.8367,Haier 15' Black Flat Panel LCD HDTV DVD Combo - HLC15R,15in Lcd/dvd Tv Combo - HLC15R
33439,207464920,1,0.8367,Yamaha NS-AW390BL All-Weather Pair Speaker System - NSAW390BK,Yamaha Outdoor NS-AW390 All-Weather Speaker System - NS-AW390BL
28554,204443417,1,0.84,Olympus PS-BLS1 Lithium Ion Rechargeable Battery - LIIONPSBLS1,Olympus PS-BLS1 Lithium Ion Digital Camera Battery - 260236
28433,203142438,1,0.84,Sony MRW62E/S1/181 17-In-1 External USB Memory Card Reader - MRW62ES1181,Sony 17-in-1 External USB Memory Card Reader And Writer - MRW62E/S1/181
33438,207390650,1,0.84,Sony 30GB Handycam Hard Disk Drive Camcorder - DCRSR45,Sony Handycam DCR-SR45 Digital Camcorder - DCRSR45
35666,208289990,1,0.84,Sony Black 5.1 Channel Home Theater System - HTDDWG700,Sony HT-DDWG700 Home Theater System - HTDDWG700
32323,204222207,1,0.84,Canon Easy Photo Pack - 1335B001,Canon E-P100 Photo Pack For Selphy ES1 Printer - 1335B001
38466,206576716,1,0.84,Linksys Wireless-G Internet Home Monitoring Camera - WVC54GCA,Linksys Wireless-G Internet Video Camera - WVC54GCA
38475,10140760,1,0.84,Linksys EtherFast10/100 5-Port Auto-Sensing Switch - EZXS55W,Linksys EtherFast EZXS55W Ethernet Switch
32358,208295050,1,0.84,Alpine CD-R/-RW/MP3/AAC/WMA Receiver - CDA9886,ALPINE CDA-9886 Car Audio Player - CDA9886
36143,207907552,1,0.84,Sony Bud Style Headphones In Red - MDRED12LPRED,Bass Lover Earbuds Red - MDRED12LP/RED
38693,208710842,1,0.84,Samsung 46' Series 8 LCD Black Flat Panel HDTV - LN46A850,"Samsung LN46A850 - 46' 1080P LCD HDTV - 50,000:1 Dynamic Contrast Ratio - 120Hz - 4ms Response Time - Super Slim 1.9' Thick!"
23635,202900002,1,0.8433,Panasonic Network Camera - White Finish - BLC1A,Panasonic BL-C1A Network Camera
34854,209297157,1,0.8433,Sony 19' BRAVIA M-Series Silver LCD Flat Panel HDTV - KDL19M4000S,Sony BRAVIA M Series KDL-19M4000 19' LCD TV - kdl19m4000s
27840,203379249,1,0.8433,LG 14' Washer And Dryer Red Pedestal With Drawer - WDP3R,LG Electronics WDP3 Laundry Pedestal with Drawer -W/ B/ S/ N / WDP3R - Wild Cherry
25262,10315184,1,0.8467,Netgear Prosafe 16 Port 10/100 Rackmount Switch - Black Finish - JFS516NA,Netgear ProSafe JFS516 Ethernet Switch
30590,90138537,1,0.8467,Panasonic 2 Line Integrated Corded Phone System - KXTSC14B,Panasonic KX-TSC14B Corded Telephone
37749,210399743,1,0.8467,Samsung Black Blu-ray Disc Player - BDP2500,Samsung BDP2500 - BD-P2500
36617,208453643,1,0.8467,Sony Black VAIO Z Series 13.1' Notebook Computer - VGNZ550NB,Sony Z550N/B Notebook - VGNZ550N/B
36430,208226690,1,0.8467,Speck SeeThru Clear Hard Shell Case For 15' MacBook - MB15CLRSEEV2,Speck Products SeeThru Case for Apple 15' MacBook Pro - MB15-CLR-SEE-V2
28650,203131635,1,0.85,Griffin Elevator Brushed Aluminum Laptop Stand - 1093CURV2,Griffin Elevator Desktop Stand for Portable Laptops - 1093-CURV2
34899,207959814,1,0.85,Sony Black 9 Megapixel Cyber-Shot Digital Camera - DSCH50B,Sony Cyber-shot DSC-H50 Digital Camera - Black - DSCH50B
29806,202755491,1,0.85,Panasonic White Integrated Telephone System - KXTS600W,Panasonic KX-TS600W Basic Telephone
37462,209026638,1,0.8533,Toshiba 52' Regza Black Flat Panel LCD HDTV - 52RV535U,Toshiba 52RV535U - 52' Widescreen 1080p LCD HDTV w/ Cinespeed - Piano Black
34648,207919773,1,0.8533,Samsung 46' Series 7 LCD Black Flat Panel HDTV - LN46A750,Samsung 7 Series LN46A750 46' LCD TV - LN46A750R1FXZA
34708,208186248,1,0.8533,Onkyo Black CD Receiver System - CS325,Onkyo CS-325 Stereo CD Receiver Mini Audio System
38127,209720586,1,0.8533,Coby Black 15' Widescreen Flat Panel LCD HDTV - TFTV1514,Coby Electronics TF-TV1514 15' LCD TV
37907,210227260,1,0.8533,Sharp AQUOS Blu Ray Disc Player In Black And Silver - BDHP21U,Sharp AQUOS BD-HP21U Blu-ray Disc Player
31635,206460118,1,0.8533,Yamaha High Performance Subwoofer In Black - YSTFSW150BK,Yamaha YST-FSW150 Subwoofer - YST-FSW150BL
33625,207506253,1,0.8567,Panasonic VIERA 37' 1080p LCD HDTV In Black - TC37LZ85,Panasonic VIERA TC-37LZ85 37' LCD TV
33985,208504045,1,0.8567,Panasonic VIERA 50' 1080p Plasma HDTV In Black - TH50PZ850U,Panasonic Viera TH-50PZ850U 50' Plasma TV
24386,203340101,1,0.8567,Nikon Rechargeable Li-Ion Battery - Black Finish - 25334,Nikon EN-EL3e Lithium Ion Digital Camera Battery - 25334
38640,209890560,1,0.8567,Transcend 2.5' SATA Solid State Disk - TS128GSSD25SM,Transcend 2.5 Solid State Disk (SSD) 128GB SATA MLC with Build-In ECC - TS128GSSD25S-M
17187,202041204,1,0.8567,Universal IR/RF Remote - MX350,Universal MX-350 Osiris Remote Control - MX350
17479,90145972,1,0.8593,Weber Performer 22-1/2' Charcoal Grill - 841001,Weber 841001 Performer 22.5' Charcoal Grill in Black
9314,90138520,1,0.86,Panasonic Hands Free Headset  - KXTCA92,Panasonic KX-TCA92 Headset
24825,202900025,1,0.86,Panasonic Plain Paper Fax/Copier With Cordless Phone Answering System - Grey Finish - KXFG2451,Panasonic KX-FG2451 Plain Paper Thermal Transfer Fax/Copier - KX-FG2451
27985,204740191,1,0.86,Yamaha Silver USB Powered Stereo Speaker - NXU10SIL,Yamaha NX-U10 USB Powered Stereo Speaker - NX-U10SL
34610,207543191,1,0.86,Panasonic DECT 6.0 Expandable Digital Cordless Phone With All-Digital Answering System - KXTG9343T,Panasonic KX-TG9343T Cordless Phone
29816,208455891,1,0.8633,Sony HD Radio Add On Tuner - XT100HD,Sony XT-100HD HD Radio Tuner
36620,208453646,1,0.8633,Sony Black VAIO Z Series 13.1' Notebook Computer - VGNZ570NB,Sony Z570N/B Notebook - VGNZ570N/B
33026,204230770,1,0.8633,Sanus 15' - 37' VisionMount Full-Motion Flat Panel TV Black Wall Mount - MF215B1,Sanus MF215-B1 Extending Full Motion Mount
32584,206179562,1,0.8633,Panasonic PT-AX200U White Home Theater Projector - PTAX200,Panasonic PT-AX200U Home Theater Projector
35309,208504378,1,0.8667,LG 32' Black LCD Flat Panel HDTV With Built In DVD Player - 32LG40,LG 32LG40 32' TV/DVD Combo
37859,210399745,1,0.8667,Denon Black Blu-ray Disc DVD-CD Player - DVD1800BD,Denon DVD-1800BD Blu-ray Disc Player
33971,207391020,1,0.8667,Panasonic Black 1080p Up-Conversion DVD Recorder - DMREA18K,Panasonic DMR-EA18K DVD Player/Recorder
34901,208294715,1,0.8667,Onkyo 7.1-Channel Home Theater Black Receiver - TXSR606B,Onkyo TXSR606 A/V Receiver
34791,203185276,1,0.8667,Canon PG-40 Black Ink Cartridge Twin Pack - PG40TBK,Canon PG-40 Black Ink Cartridge - PG-40-BK-TWIN
25749,202827715,1,0.8667,Sanus 15' - 40' VisionMount Flat Panel TV Black Wall Mount - MT25B1,Sanus VisionMount Tilting Flat Panel TV Wall Mount - MT25-B1
36264,209000383,1,0.8667,iHome Silver Computer Speakers With iPod Dock - IH70S,iHome iH70SRC 15 Watt Computer Speakers with iPod Syncing/Charging Dock - IH70SRC
38473,10333846,1,0.8667,Linksys EtherFast4116 16-Port 10/100 Ethernet Switch - EF4116,Linksys EtherFast EF4116 Ethernet Switch
19676,90145560,1,0.8667,Sanus 32' - 84' Flat Panel TV Black Tilting Wall Mount - VMPL3B,Sanus VisionMount Flat Panel TV Wall Mount - VMPL3B
37934,208710844,1,0.87,Samsung 52' Series 8 LCD Black Flat Panel HDTV - LN52A850,"Samsung LN52A850 - 52' 1080P LCD HDTV - 50,000:1 Dynamic Contrast Ratio - 120Hz - 4ms Response Time - Super Slim 1.9' Thick!"
27975,10360978,1,0.87,Belkin F3H982-25 Black 25 Ft Pro Series High Integrity VGA/SVGA Monitor Replacement Cable - F3H98225,Belkin Monitor Cable - F3H982-25
36808,210399818,1,0.87,Onkyo 7.1 Channel Home Theater Black Receiver - TXSR876B,Onkyo TX-SR876 A/V Receiver - TXSR876B
32630,207554111,1,0.8733,Apple 1TB Time Capsule Wireless Hard Drive  - MB277LLA,Apple Time Capsule Network Hard Drive - MB277LL/A
33765,208455897,1,0.8733,Sony DVP-FX820 Pink 8' Portable DVD Player - DVPFX820P,Sony DVP-FX820/P Portable DVD Player - DVPFX820/P
22187,204587803,1,0.8733,Nikon 18-200mm Nikkor Zoom Lens - Black Finish - 2159,Nikon 18-200mm 3.5-5.6 G ED DX AFS VR Zoom Wide Angle Nikkor Lens - Niko_215930348
33640,206928606,1,0.8733,Toshiba Black DVD Recorder With Built-In Digital Tuner - DR560,Toshiba D-R560 DVD Player/Recorder
28982,204559208,1,0.8767,Panasonic Countertop Microwave Oven In Stainless Steel - NNSD667SS,Panasonic NNSD667S 1.2 cu. ft. Countertop Microwave Oven In Stainless Steel
34747,203388440,1,0.8767,Canon BCI-6 Multipack Ink Tanks - 4705A018,Canon BCI-6 Color Ink Cartridges - 4705A018
36746,208930717,1,0.8767,Nikon CoolPix S610 10 Megapixel Black  Digital Camera - COOLPIXS610BK,Nikon Coolpix S610 Digital Camera - Midnight Black - 26125
36383,208226699,1,0.8767,Speck SeeThru Orange Hard Shell Case For 13' MacBook - MB13ORGSEEV2,Speck Products SeeThru Case for Apple 13' MacBook - MB13-ORG-SEE-V2
33967,207391021,1,0.8767,Panasonic Black 1080p Up-Conversion DVD Recorder - DMREZ28K,Panasonic DMR-EZ28K DVD Player/Recorder
36515,209687172,1,0.88,Panasonic Black Lumix 10.1 Megapixel Digital Camera - DMCFZ28K,Panasonic Lumix DMC-FZ28 Digital Camera - Black
36364,208226700,1,0.88,Speck SeeThru Aqua Hard Shell Case For 13' MacBook - MB13AQUSEEV2,Speck Products SeeThru Case for Apple 13' MacBook - MB13-AQU-SEE-V2
36286,208791921,1,0.88,Toshiba XDE Black 1080p Upconversion Extended Detail DVD Player - XDE500,Toshiba XD-E500 Upconversion DVD Player
37039,208504461,1,0.88,Klipsch 5.25' THX Ultra2 In-Ceiling White Loudspeaker - KS7502THX,Klipsch KS7502THX (Each) - KS-7502-THX
33962,207391022,1,0.88,Panasonic Black 1080p Up-Conversion DVD Recorder And VHS Combo Player - DMREA38VK,Panasonic DMR-EA38VK DVD/VCR Combo
35981,207539418,1,0.88,Samsung L200 Black 10.2 Megapixel Digital Camera - ECL200ZBBA,Samsung L200 Digital Camera - Black - EC-L200ZBBA/US
33150,208105630,1,0.8833,Pioneer Premier In-Dash CD/WMA/MP3/AAC Receiver - DEHP500UB,Pioneer DEHP500UB Car Audio Player
33263,208105573,1,0.8833,Alpine V-Power Series 4/3/2 Channel Power Amplifier - MRPF300,ALPINE MRP-F300 Car Amplifier
38880,210634626,1,0.8833,Apple iWork 09 Software Family Pack For Mac - MB943ZA,IWORK 09 FAMILY PACK-INT DVD - MB943Z/A
552,90132241,1,0.8833,Sony Turntable - PSLX350H,Sony PS-LX350H Belt-Drive Turntable
36001,208504423,1,0.8833,Sony 7.1 Channel Black AV Receiver - STRDG920,Sony STR-DG920 A/V Receiver - STRDG920
38142,206928388,1,0.8833,Canon Pink 8.0 Megapixel PowerShot Digital Camera - SD1100ISP,Canon PowerShot SD1100 IS Digital ELPH Camera - Melody Pink - 2509B001
33490,207502093,1,0.8833,Nikon D60 Digital Camera With 18-55MM Lens - D60OUTFIT,Nikon D60 Digital SLR Camera with AF-S DX Nikkor 18-55mm f/3.5-5.6G VR Lens - 25438
28205,204419878,1,0.8833,Panasonic KX-TG6702B 5.8 GHz FHSS GigaRange Expandable Black Cordless Phone System - KXTG6702B,Panasonic KX-TG6702B Cordless Telephone - KX-TG6702B
34770,207959798,1,0.8833,Samsung 52' Series 7 Black Flat Panel LCD HDTV - LN52A750,"Samsung LN52A750 - 52' 1080P LCD HDTV - 50,000:1 Dynamic Contrast Ratio - 120Hz - 6ms Response Time"
34791,204736197,1,0.8833,Canon PG-40 Black Ink Cartridge Twin Pack - PG40TBK,Canon PG-40 Twin Pack Black Ink Cartridge - 0615B013
36456,208226692,1,0.8867,Speck SeeThru Pink Hard Shell Case For 15' MacBook - MB15PNKSEEV2,Speck Products SeeThru Case for Apple 15' MacBook Pro - MB15-PNK-SEE-V2
33638,207659192,1,0.8867,Toshiba Black Portable DVD Player - SDP71S,Toshiba SD-P71S Portable DVD Player
6742,202845629,1,0.8867,Panasonic Yeast Pro Automatic Breadmaker - SDYD250,Panasonic SDYD250 Automatic Bread Maker
34056,207643190,1,0.8867,Canon Silver 10 Megapixel PowerShot Digital Camera - SD790IS,Canon PowerShot SD790 IS Digital Camera - 2554B001
36957,207390709,1,0.8867,Sony Alpha Digital SLR Black Camera Body - DSLRA350,Sony alpha DSLR-A350 Digital SLR Camera - DSLRA350
34657,207938488,1,0.8867,Samsung 40' Series 7 LCD Black Flat Panel HDTV - LN40A750,"Samsung LN40A750 - 40' 1080p LCD HDTV - 50,000:1 Dynamic Contrast Ratio - 4ms Response Time - 120Hz"
19358,90144996,1,0.8867,Sennheiser RF Wireless Headphones - RS140,Sennheiser RS 140 Wireless RF Headphone - RS-140
36084,205664938,1,0.89,Canon Deluxe Burgundy Leather Case - 2350B001,Canon PSC-1000 Semi-Hard Leather Case - 2350B001
27719,203379237,1,0.89,LG DLG0452W White XL Capacity Gas Dryer - DLG0452WH,LG Electronics DLG0452W 7.3 Cu. Ft. 9-Cycle Gas Dryer
34016,208042911,1,0.89,Z-Line Portland Black TV Stand - ZL2344MU,Z-Line Designs ZL23-44MU Portland Flat Panel TV Stand with Integrated Mount
29029,204679142,1,0.89,Canon 580EXII Speedlite In Black - 1946B002,Canon Speedlite 580EX II Flash Light - 1946B002
37045,208791919,1,0.89,Toshiba 22' LCD HDTV With Built In DVD Player In White - 22LV506,Toshiba 22LV506 22' TV/DVD Combo
30867,205554724,1,0.89,Seiko Quartz Le Grand Sport Womens Watch - SXDA04,Seiko SXDA04
34609,207543190,1,0.89,Panasonic DECT 6.0 Expandable Digital Cordless Phone With All-Digital Answering System - KXTG9344T,Panasonic KX-TG9344T Expandable Digital Cordless Phone
28981,204559214,1,0.8933,Panasonic Countertop Microwave Oven In White - NNSN667WH,Panasonic NNSN667W 1.2 cu. ft. Countertop Microwave Oven In White
35800,208504190,1,0.8933,Panasonic Expandable Bluetooth-Enabled DECT 6.0 Phone System - KXTH1212B,Panasonic KXTH1212B
32546,202003159,1,0.8933,Belkin Hi-Speed USB 2.0 7-Port Hub - F5U237APLS,Belkin Hi-Speed USB 2.0 7-Port Hub - F5U237-APL-S
34904,208294927,1,0.8933,Sony Black 13.6 Megapixel Cyber-Shot Digital Camera - DSCW300,Sony Cyber-shot DSC-W300 Digital Camera
38781,207920831,1,0.8933,Griffin Black TuneBuds Mobile For iPod And iPhone - 9410TUNBMBLB,Griffin TuneBuds Stereo Earset - 9410-TUNBMBLB
34659,208504191,1,0.8933,Mitsubishi 735 Series 60' 1080p DLP Rear Projection Black HDTV - WD60735,Mitsubishi WD-60735 60' Projection TV
25291,203308084,1,0.8967,Sirius Sportster 4 With Car Kit - SP4TK1,Directed Electronics Sportster 4 Sirius Satellite Radio Receiver - SP4TK1
36197,207925440,1,0.8967,Griffin iPhone SmartTalk - 3016SMRTLKB,Griffin SmartTalk Headphone Adapter with Control and Mic for iPhone - 3016-SMRTLKB
34824,207390710,1,0.8967,Sony DSLR-A350 Digital Camera And 18-70mm Zoom Lens - DSLRA350K,Sony alpha DSLR-A350K Digital SLR Camera with 18-70mm Zoom Lens - Black - DSLRA350K
32893,208085182,1,0.9,Pioneer HD Radio Tuner - GEXP10HD,Pioneer GEX-P10HD HD Radio Add-on Tuner for Select In-dash Pioneer Receivers
34666,207876534,1,0.9,Panasonic VIERA 50' Plasma Flat Panel Black HDTV - TH50PZ800U,"Panasonic Viera TH-50PZ800U - 50' Widescreen 1080p Plasma HDTV - 1,000,000:1 Dynamic Contrast Ratio"
35877,204020411,1,0.9,Sharp HEPA Air Purifier - FPP35CX,Sharp Plasmacluster FP-P35CX Air Purifier - 129Sq. ft.
33488,208154765,1,0.9,Sony Red Cyber-Shot Digital Camera - DSCW170R,Sony Cyber-shot DSC-W170 Digital Camera - Red - DSCW170R
31374,208455792,1,0.9,Frigidaire GLD4355RFS Gallery SpeedClean 24' White Dishwasher - GLD4355WH,Frigidaire GLD4355RFS Gallery Series 24' Under Counter Dishwasher
33586,207338890,1,0.9,Sharp Aquos 32' Black LCD HDTV - LC32D64U,Sharp AQUOS LC-32D64U 32' LCD TV
38457,206671732,1,0.9033,Linksys Dual-Band Wireless-N USB Network Adapter - WUSB600N,Linksys WUSB600N Dual-Band Wireless-NUSB Network Adapter - WUSB600N
30841,205554287,1,0.9033,Skagen Premium Steel Slimline Mesh Womens Watch - 233XSGG,233XSGG - Skagen
36299,208342524,1,0.9067,Griffin Black iPhone 3G Wave Case - 8227IP2WVB,Griffin Protective Wave Case for Smart Phone - 8227-IP2WVB
35012,207642355,1,0.9067,Samsung 5 Disc Home Theater Surround Sound System - HTZ510,Samsung HT-Z510 Home Theater System
20447,90128026,1,0.9067,Sony DVD-R Recordable Camcorder Media - 3DMR30L1H,Sony Mini DVD-R Media - 3DMR30L1H
33999,208112358,1,0.9067,Sony Silver 1080p Upscaling DVD Player - DVPNS700HS,Sony DVP-NS700H/S DVD Player - DVPNS700HS
37211,209310260,1,0.9067,Apple 1GB Pink 2nd Generation iPod Shuffle - MB811LLA,Apple iPod Shuffle 1GB Flash MP3 Player - MB811LL/A
28272,206160056,1,0.9067,Sony Black Cyber-Shot W Series Digital Camera Carrying Case - LCSCSL,Sony LCS-CSL Cyber-shot Camera Case
28304,203405814,1,0.9067,Fellowes MicroShred Shredder - MS450CS,Fellowes MicroShred MS-450Cs Shredder - 3245001
37141,209194240,1,0.9067,Nikon D90 Black Digital SLR Camera With Nikkor 18-105mm Lens - D90OUTFIT,Nikon D90 Digital SLR Camera with AF-S DX Nikkor 18-105mm f/3.5-5.6G ED VR Lens - 25448
33440,207464921,1,0.9067,Yamaha NS-AW190BL All-Weather Pair Speaker System - NSAW190BK,Yamaha NS-AW190 All-Weather Speaker System - NS-AW190BL
31337,203884610,1,0.9067,Sirius SiriusConnect Home Tuner - SCH1,Directed Electronics SCH1 SiriusConnect Home Tuner
33053,10221960,1,0.91,Netgear ProSafe 5 Port 10/100 Desktop Switch - FS105,Netgear ProSafe FS105 Ethernet Switch - FS105NA
33784,207538225,1,0.91,Panasonic 5.8 GHz Black Expandable Digital Cordless Phone - KXTG4321B,Panasonic KX-TG4321B 5.8 GHz Expandable Digital Cordless Phone
38096,207391434,1,0.91,Toshiba 22' Black LCD HDTV - 22AV500U,Toshiba 22AV500U 22' LCD TV
35900,208190046,1,0.91,Canon White Selphy CP760 Compact Photo Printer - 2565B001,Canon SELPHY CP760 Dye Sublimation Printer - 2565B001
29892,208715736,1,0.91,Maytag MED5900TW White Electric Dryer - MED5900TWH,7.0 Cu. Ft. Super Capacity Electric Dryer - MED5900TW
27779,205844283,1,0.91,Sony LCS-CSQ/B Black Soft Carrying Case - LCSCSQB,Sony LCS-CSQ Soft Cyber-shot Camera Case - LCSCSQ/B
32193,205809367,1,0.9133,Sony HD-Handycam 3 Meters (10 Feet) HDMI Mini Cable - VMC30MHD,Sony HDMI Mini Cable - VMC30MHD
35680,208156276,1,0.9133,Denon Multi-Channel Digital Surround Sound Speaker System - DHTFS5,Denon DHT-FS5 Surround Sound Speaker System
28366,204254738,1,0.9133,Sony Progressive Scan Silver DVD Player - DVPNS57PS,Sony DVPNS57P DVD Player - DVPNS57PS
29574,204559209,1,0.9167,Panasonic NNSD767S Stainless Steel Countertop Microwave Oven - NNSD767SS,Panasonic NNSD767S 1.6 cu. ft. Stainless Steel Countertop Microwave Oven
29880,206728281,1,0.9167,Haier 20' ATSC Color Tube Television - HTR20,20' Television CRT - HTR20
35431,207506251,1,0.9167,Panasonic VIERA 32' Class Widescreen LCD HDTV In Black - TC32LZ800,Panasonic VIERA TC-32LZ800 32' LCD TV
34135,207900170,1,0.9167,Samsung 56' Black Widescreen Series 6 DLP HDTV - HL56A650,Samsung 6 Series HL56A650 56' Projection TV
23537,203069939,1,0.9167,Universal RF Series MasterControl Remote Control - RF20,Universal MasterControl Universal Learning Remote Control - RF20
38400,209208547,1,0.9167,Sony VAIO JS Series Black All-In-One Desktop Computer - VGCJS130JB,Sony VAIO JS All-in-One Desktop - VGCJS130J/B
36556,209891040,1,0.9167,Panasonic VIERA 58' 1080p Plasma HDTV In Black - TH58PZ850U,"TH-58PZ850U 58' Plasma TV (Widescreen, 1920x1080, 30,000:1, HDTV) - TH58PZ850U"
26929,203651765,1,0.9193,Monster PS3 CV/FO-10 Playstation 3 GameLink Component Video And Fiber Optic Digital Audio AV Kit - PS3CVFO10,Monster Cable GameLink Component Video and Fiber Optic Digital Audio Cable for PlayStation 3 - 3 x RCA - Toslink - 10ft - PS3 CV/FO-10
27771,202592070,1,0.92,Fellowes Confetti Cut Shredder - W11C,Fellowes Powershred Personal W11C Shredder - 30100
29823,204792884,1,0.92,LG DLE2516W White Super Capacity Electric Dryer - DLE2516WH,LG Electronics DLE2516W 27' Electric Dryer
30355,206460124,1,0.92,Yamaha Mounting Installation Bracket - SPMK30,Yamaha SPM-K30 Mounting Installation Bracket - SPM-K30
33443,207390652,1,0.92,Sony 60GB Handycam Hard Disk Drive Camcorder - DCRSR85,Sony Handycam DCR-SR85 Digital Camcorder - DCRSR85
22729,202473822,1,0.92,Sony Lightweight Tripod - Black Finish - VCTR100,SONY COMPACT TRIPOD 14'/39' *NIC* - VCTR100
36451,208237792,1,0.92,Speck SeeThru Green Hard Shell Case For 15' MacBook - MB15GRNSEEV2,Speck Products SeeThru Case for Apple 15' MacBook Pro - MB15-GRN-SEE-V2
33326,207390641,1,0.92,Sharp AQUOS 52' Special Edition LCD Black Flat Panel HDTV - LC52SE94U,Sharp AQUOS LC-52SE94U 52' LCD TV
16877,202434158,1,0.92,Sony Digital Photo Printer Paper 40 Pack  - SVMF40P,Sony Print Paper - SVMF40P
7783,202900227,1,0.9233,Panasonic 2-Line Integrated Telephone - KXTSC14W,Panasonic KX-TSC14W 2-Line Telephone
25136,203087638,1,0.9233,Denon 5 Disc CD Player - Black Finish - DCM390,Denon DCM-390 5 Disc CD Changer - DCM390
30962,205599985,1,0.9233,Canon EOS 40D Digital SLR Camera And 28-135MM Lens - EOS40D28135,Canon EOS 40D Digital SLR Camera with EF 28-135mm f/3.5-5.6 IS USM Lens - 1901B017
36361,208226689,1,0.9233,Speck SeeThru Black Hard Shell Case For 13' MacBook - MB13BLKSEEV2,Speck Products SeeThru Case for Apple 13' MacBook - MB13-BLK-SEE-V2
27589,204264643,1,0.9233,Frigidaire Professional 24' PLD4555RFC Built-In Stainless Steel Dishwasher - PLD4555SS,"PLD4555RFC Professional SpeedClean 24-in. Under Counter Dishwasher (14 Place Settings, Stainless Steel, Energy Star)"
38944,201965217,1,0.9233,Panasonic LM-AF30U3 Three Pack Of Single-Sided 30 Minute DVD-RAM Discs - LMAF30U3,Panasonic DVD-RAM Media - LM-AF30U3
33057,208033806,1,0.9233,Pioneer Premier In-Dash CD/WMA/MP3/AAC Receiver - DEHP400UB,Pioneer DEHP400UB Car Audio Player
28951,206722263,1,0.9233,Escort Passport 9500I Radar And Laser Detector - 9500I,Escort new radar gps powered - 9500I
31596,204587971,1,0.9267,Nikon VR 55-200MM Zoom-Nikkor Lens Accessory - 2166,Nikon 55-200mm f/4-5.6G ED IF AF-S DX VR Zoom Telephoto Nikkor Lens - Niko_216687518
36365,208226696,1,0.9267,Speck SeeThru Pink Hard Shell Case For 13' MacBook - MB13PNKSEEV2,Speck Products SeeThru Case for Apple 13' MacBook - MB13-PNK-SEE-V2
32488,206179525,1,0.9267,Panasonic Black Expandable Digital Cordless Dect 6.0 Phone System - KXTG8232B,Panasonic KX-TG8232B Cordless Phone
30159,208033486,1,0.93,Alpine CD/MP3/WMA/AAC Receiver - CDA9887,ALPINE CDA-9887 Car Audio Player - CDA9887
34719,207543188,1,0.93,Panasonic DECT 6.0 Black Expandable Digital Cordless Phone - KXTG9361B,Panasonic KX-TG9361B Expandable Digital Cordless Phone
34153,207465587,1,0.93,Panasonic Silver Lumix Wide Angle Lens Digital Camera - DMCTZ5S,Panasonic Lumix DMC-TZ5 Digital Camera - Silver
30533,205729817,1,0.93,Apple 1GB Silver iPod Shuffle - MB225LLA,Apple iPod Shuffle 1GB MP3 Player - MB226LL/A
35308,208270234,1,0.93,Bracketron Black GPS Low-Pro Windshield Mount - SWM400BL,Bracketron Low-Pro Windshield Mount - SWM-400-BL
31830,205557539,1,0.93,Canon PIXMA MX700 Multifunction Printer - MX700C,Canon PIXMA MX700 Multifunction Photo Printer - 2186B002
33831,207552185,1,0.93,Olympus Evolt-420 10 Megapixel Digital SLR Camera With 14-42mm Lens In Black - EVOLTE420KIT,Olympus EVOLT E-420 Digital SLR Camera With 14 - 42mm f/3.5-f/5.6 Zuiko Digital Zoom Lens - Black - 262081
36993,206928378,1,0.93,Canon PIXMA iP2600 Photo Printer - IP2600,Canon PIXMA iP2600 Inkjet Photo Printer - 2435B002
14715,203021705,1,0.93,Toshiba Rechargeable 5-Hour Battery Pack - MEDB05LX,Toshiba Lithium Ion Portable DVD Player Battery - MEDB05LX
21989,204274645,1,0.93,Frigidaire Electric White Dryer - FEQ332WH,Frigidaire Electric Dryer - FEQ332WH 5.7 Cu.Ft. Super Capacity Drum
33786,206854515,1,0.93,Panasonic 5.8 GHz Black Expandable Digital Cordless Phone System - KXTG4323B,Panasonic KX-TG4323B 5.8 GHz Expandable Digital Cordless Phone
33477,208154551,1,0.93,Sony Red Cyber-Shot Digital Camera - DSCW150R,Sony Cyber-shot DSC-W150 Digital Camera - Red - DSCW150R
36824,209306028,1,0.93,Samsung 46' Series 9 LCD Black Flat Panel HDTV - LN46A950,Samsung 9 Series LN46A950 46' LCD TV
33950,208456233,1,0.9333,Whirlpool Cabrio White Top Loading Washer - WTW6700TWH,Whirlpool WTW6700TW 28' Cabrio Series Top Loader Washer (Metallic/White)
36381,208226695,1,0.9333,Speck SeeThru Blue Hard Shell Case For 13' MacBook - MB13BLUSEEV2,Speck Products SeeThru Case for Apple 13' MacBook - MB13-BLU-SEE-V2
28225,205592439,1,0.9333,Sony LCS-TWA/B Black Soft Leather Carrying Case - LCSTWAB,Sony LCS-TWA/B Cyber-shot Camera Case - LCSTWA/B
33563,207388760,1,0.9333,Panasonic VIERA 42' Plasma Flat Panel HDTV In Black - TH42PX80U,Panasonic Viera TH-42PX80U 42' Plasma TV
36999,206761808,1,0.9333,Griffin 4046-TRPAUTOC iTrip AutoPilot - 4046TRPAUTOC,Griffin iTrip AutoPilot FM Transmitter - 4046-TRPAUTOC
32187,209896109,1,0.9333,Motorola Portable Bluetooth Car Kit Speaker Phone - T305,MOTOROLA T305 BLUETOOTH VISOR SPEAKER PHONE CAR KIT - RETAIL - 89082J
33790,210252356,1,0.9333,Sony Silver Digital Voice Recorder - ICDB600,Sony ICD-B600 512MB Digital Voice Recorder - ICDB600
36270,208742932,1,0.9333,Samsung 63' Black Flat Panel Series 6 Plasma HDTV - PN63A650,"Samsung PN63A650 - 63' Widescreen 1080p Plasma HDTV - 1,000,000:1 Dynamic Contrast Ratio - Touch of Color Design - PN63A650T"
38492,206725966,1,0.9333,Sony Telephoto Converter Lens - VCLDH1774,Sony VCL-DH1774 Telephoto Lens - VCLDH1774
33175,207542598,1,0.9333,Sony Silver Cyber-Shot 7.2 Megapixel Digital Camera - DSCW120,Sony Cyber-shot DSC-W120 Digital Camera - Silver - DSCW120
13581,90125786,1,0.9333,Sanus WMS3S Silver Weather Resistant Small Speaker Wall Mount - WMS3S,Sanus Wall/Ceiling Speaker Mount - WMS3S SILVER
33670,206917814,1,0.9333,Nikon CoolPix S550 10 Megapixel Compact Plum Digital Camera - COOLPIXS550P,Nikon Coolpix S550 Digital Camera - Plum - 26110
38751,204389692,1,0.9333,Panasonic Yellow 4GB SDHC Memory Card - RPSDV04GU1K,PANASONIC 4GB SDHC CARD CLASS 6 20 MB/SEC*NIC* - RP-SDV04GU1K
35247,208504407,1,0.9362,LG 52' Black LCD Flat Panel HDTV - 52LG70,LG LG70 Series 52LG70 52' LCD TV
32889,208085178,1,0.9367,Pioneer Sirius Bus Interface - CDSB10,Pioneer Cd-sb10 Sirius Interface Cable - CD-SB10
37257,209208719,1,0.9367,Canon PIXMA Photo All-In-One Printer - MP980,Canon PIXMA MP980 Wireless All-in-One Color Photo Inkjet Printer - 2922B002
33931,207391017,1,0.9367,Toshiba 10.2' Portable DVD Player In Black - SDP101S,Toshiba SD-P101S Portable DVD Player - SDP101S
22558,10412590,1,0.9367,Netgear RangeMax Wireless Access Point - White Finish - WPN802NA,Netgear RangeMax WPN802 Wireless Access Point - WPN802NA
36388,208226694,1,0.9367,Speck SeeThru Red Hard Shell Case For 13' MacBook - MB13REDSEEV2,Speck Products SeeThru Case for Apple 13' MacBook - MB13-RED-SEE-V2
34754,207543198,1,0.9367,Panasonic DECT 6.0 Black Metallic Expandable Digital Cordless Phone System - KXTG9332T,Panasonic KX-TG9332T Cordless Phone
36458,208237795,1,0.9367,Speck SeeThru Purple Hard Shell Case For 15' MacBook - MB15PURSEEV2,Speck Products SeeThru Case for Apple 15' MacBook Pro - MB15-PUR-SEE-V2
27857,204035273,1,0.9367,Transcend 2GB Micro SD Memory Card - TS2GUSD,Transcend 2GB microSD Card - TS2GUSD
28137,204254634,1,0.9367,Sony InfoLithium H Series Standard Rechargeable Battery Pack - NPFH70,Sony InfoLithium H-Series NP-FH70 Camcorder Battery - NPFH70
34150,207514563,1,0.9367,Sony Soft Camera Carrying Case - LCSMX100,Sony LCS-MX100 Camcorder Case - LCSMX100
38434,210227285,1,0.9367,Sharp AQUOS 42' Black LCD HDTV - LC42D85U,Sharp AQUOS LC-42D85U 42' LCD TV
31273,203086857,1,0.94,Sony Universal Remote Commander Remote Control - RMV310,Sony Remote Control - RMV310
33671,206917816,1,0.94,Nikon Coolpix S210 Plum 8.1 Megapixels Digital Camera - COOLPIXS210P,Nikon Coolpix S210 Digital Camera - Plum - 26103
34640,206120294,1,0.94,Contour Design Showcase Premium Protection Case For 80 GB iPod Classic - SHCLS80B02,Contour Showcase Classic for iPod classic 80 GB - SH-CLS80-B02
38653,210571462,1,0.94,Sennheiser Orange And Silver In Ear Headphones - CX380,Sennheiser CX380 Sennheiser CX 380 Sport II Grey/Orange
37878,210258465,1,0.94,Apple MacBook Pro 2.53GHz Intel Core 2 Duo Silver Notebook Computer - MB471LLA,Apple MacBook Pro Notebook - MB471LL/A
34282,207514566,1,0.94,Sony Black Soft Carrying Case - LCSX30,Sony Camcorder Case - LCSX30
34033,207390665,1,0.94,Sony Digital SLR Camera With Lens Kit - DSLRA200W,Sony alpha DSLR-A200 Digital SLR Camera with Dual Lens Kit - DSLRA200W
26346,202537962,1,0.94,Panasonic KX-TG4500B Black 5.8 GHz Cordless Phone System - KXTG4500B,Panasonic KX-TG4500B Corded/Cordless Telephone
34363,206892902,1,0.94,Speck SeeThru Aqua Hard Shell Case For 20' iMac - IM20AQUSEE,Speck Products SeeThru Case for Apple iMac LCD - IM20-AQU-SEE
33804,206575951,1,0.94,Motorola MotoRokr Portable Bluetooth Car Kit Speaker Phone - T505,Motorola MOTOROKR T505 Bluetooth In-Car Speakerphone - 89149
38451,205817166,1,0.94,Linksys Dual-Band Wireless-N Notebook Adapter - WPC600N,Linksys Ultra RangePlus Dual Band Wireless-N PC Card - WPC600N
35185,208504304,1,0.94,Sony Black Component Home Theater System - HT7200DH,Sony HT7200DH Home Theater System
33276,205865183,1,0.94,Transcend 133X High-Speed 4GB Compact Flash Card - TS4GCF133,Transcend 4GB CompactFlash Card (133x) - TS4GCF133
38957,207535265,1,0.9433,Lasonic ATSC Digital To Analog TV Converter Box - LTA260,Lasonic LTA-260 ATSC Converter Box
35477,206359209,1,0.9433,Griffin iTrip FM Transmitter - 4052TRPSEB,Griffin iTrip FM Transmitter - 4052-TRPSEB
20458,201953021,1,0.9433,Canon Cyan Photo Ink Cartridge - Cyan - CLI8PC,Canon CLI-8PC Photo Cyan Ink Cartridge - 0624B002
35925,202592699,1,0.9433,Directed 50ft Extension Cable - 14230,Directed Electronics Antenna Extension Cable - 14230
36117,206901652,1,0.9433,Griffin iPod RoadTrip With SmartScan - 4040RDTRPB,Griffin RoadTrip with SmartScan FM Transmitter - 4040-RDTRPB
34220,209869342,1,0.9433,LG 42' Black Plasma Flat Panel HDTV - 42PG20,"LG 42PG20 - 42' Widescreen 720p Plasma HDTV - 20,000:1 Dynamic Contrast Ratio"
34156,208289997,1,0.9433,Transcend 4GB Micro Secure Digital Memory Card - TS4GUSDHC6,Transcend 4GB microSDHC Card (Class 6) - TS4GUSDHC6
34136,207900171,1,0.9433,Samsung 61' Black DLP Projection HDTV - HL61A650,Samsung 6 Series HL61A650 61' Projection TV
30593,204860316,1,0.9433,Audiovox XpressR XM Satellite Radio Receiver - XMCK20P,Audiovox Xpress R XM Radio Receiver with Vehicle Kit XMCK20P
33921,207925431,1,0.9433,Panasonic Black DVD Home Theater Sound System - SCPT660,Panasonic SC-PT660 Home Theater System
33801,207544265,1,0.9433,Kenwood 6.1' All-In-One Double-Din In-Dash Navigation - DNX5120,DNX5120 All-in-One Navigation/DVD Entertainment System
28020,204734549,1,0.9433,Canon FAX-JX200 Inkjet Fax Machine - FAXJX200,Canon FAX-JX200 Fax Machine - 1735B002AA
36123,208504432,1,0.9433,Denon Black Home Theater Surround Sound Receiver - AVR1709,Denon AVR-1709 A/V Receiver - AVR1709
37354,207390184,1,0.9433,Panasonic Rechargeable Lithium-Ion 1320 mAh Battery Pack - VWVBG130,Panasonic Lithium Ion Camcorder Battery - VW-VBG130
33220,208653767,1,0.9433,Sony 9' Digital Photo Frame In Black - DPFV900,Sony DPFV900 Digital Photo Frame - DPF-V900
34298,207543193,1,0.9467,Panasonic DECT 6.0 Expandable Digital Cordless Phone With All-Digital Answering System - KXTG9341T,Panasonic KX-TG9341T Cordless Phone
27853,202985798,1,0.9467,LG Laundry Remote Monitor - RLM20K,LG Electronics RLM20K Remote Laundry Monitoring System
29339,203888987,1,0.9467,Panasonic Silver Rice Cooker/Warmer - SRTMB10,Panasonic Srtmb10/Rice Cooker/5.5cup/Fuzzy - SR-TMB10
16309,203022472,1,0.9467,Sony Super Audio CD Player - SCDCE595,Sony SCD-CE595 CD Player - SCDCE595
22382,90131941,1,0.9467,Sanus 32' - 50' Flat Panel TV Black Wall Mount - VMPL50B,Sanus Flat Panel TV Wall Mount - VMPL50-B
34981,208504339,1,0.9467,Sony 32' BRAVIA M-Series Gloss Black LCD Flat Panel HDTV - KDL32M4000,Sony BRAVIA M Series KDL-32M4000 32' LCD TV - KDL32M4000
34905,207514568,1,0.9467,Sony Black Camcorder Tripod - VCT80AV,Sony VCT-80AV Tripod - VCT80AV
35983,206854534,1,0.95,Panasonic DECT 6.0 Silver Digital Cordless Handset - KXTGA630S,Panasonic KX-TGA630S Cordless Handset
33936,207391019,1,0.95,Panasonic Black 8.5' Portable DVD Player - DVDLS86,Panasonic DVD-LS86 Portable DVD Player
20459,201953025,1,0.95,Canon Magenta Photo Ink Cartridge - Magenta - CLI8PM,Canon CLI-8PM Photo Magenta Ink Cartridge - 0625B002
38343,207935920,1,0.95,Panasonic DECT 6.0 Pearl Silver Expandable Digital Cordless Phone System - KXTG6313S,Panasonic KX-TG6313S Cordless Phone
38098,209026630,1,0.95,Toshiba 40' Black Flat Panel LCD HDTV - 40RV525U,Toshiba 40RV525U - 40' Widescreen 1080p LCD HDTV w/ Cinespeed - Piano Black
35525,207543201,1,0.95,Panasonic Black Expandable Digital Cordless Dect 6.0 Phone System - KXTG9348T,Panasonic KX-TG9348T Expandable Digital Cordless Phone
37877,210401451,1,0.95,Apple MacBook Pro 2.4GHz Intel Core 2 Duo Silver Notebook Computer - MB470LLA,Apple MacBook Pro Notebook - MB470LL/A
37716,207899810,1,0.95,Sanus 30' - 58' VisionMount Flat Panel TV Black Tilting Wall Mount - LT25B1,Sanus VisionMount LT25-B1 Tilting Wall Mount
30585,204206934,1,0.95,Panasonic Expandable Digital Cordless DECT 6.0 Phone System - KXTG1032S,Panasonic KX-TG1032S Dual Handset Digital Cordless Phone
37162,209208718,1,0.95,Canon PIXMA Photo All-In-One Printer - MP620,Canon PIXMA MP620 Wireless Photo All-In-One Inkjet Printer - 2921B002
25670,203389465,1,0.95,Olympus Lithium Ion Rechargeable Battery - LI42B,Olympus LI-42B Lithium Ion Digital Camera Battery - 202034
39179,10365096,1,0.95,Linksys Wireless-G Range Expander - WRE54G,Linksys Wireless-G Range Expander Wireless Bridge - WRE54G
33024,90049752,1,0.95,Sennheiser Rechargeable Nickel-Metal Hydride Battery - BA151,Sennheiser Nickel metal hydride Battery for Headsets - BA-151
38826,208294970,1,0.95,Cuisinart Exact Heat Matte Black Toaster Oven Broiler - TOB155,Cuisinart TOB-155 Toaster Oven Broiler
36097,208131008,1,0.95,Canon Deluxe Black Digital Camera Case - 2595B002,Canon PSC-85 Soft Camera Case - 2595B002
19672,203088013,1,0.9533,Sony 400-Disc DVD/SA-CD/CD Mega Changer - DVPCX995V,Sony DVPCX995V DVD Player
30219,207910337,1,0.9533,Apple Wireless Mighty Mouse - MB111LLA,Apple Wireless Mighty Mouse - MB111LL/A
29950,204559210,1,0.9533,Panasonic NNSD797S Stainless Steel Countertop Microwave Oven - NNSD797SS,Panasonic NNSD797S 1.6 cu. ft. Genius Prestige Inverter Stainless Steel Microwave Oven
33669,206917815,1,0.9533,Nikon CoolPix S550 10 Megapixel Black Digital Camera - COOLPIXS550GB,Nikon Coolpix S550 Digital Camera - Graphite Black - 26108
37187,209656951,1,0.9533,Apple 8GB Silver 4th Generation iPod Nano - MB598LLA,Apple 8GB iPod nano Silver (4th Generation) - MB598LL/A
38231,201744288,1,0.9533,Netgear ProSafe 24-Port Gigabit Rackmount Switch With 2 SFP Slots - JGS524F,Netgear ProSafe JGS524F 24-Port Gigabit Ethernet Switch - JGS524FNA
35388,208294724,1,0.9533,Panasonic VIERA 46' Black Plasma Flat Panel 1080p HDTV - TH46PZ850U,Panasonic Viera TH-46PZ850U 46' Plasma TV - TH46PZ850U
38296,210647824,1,0.9533,Case-Mate Carbon Fiber Black Leather Case For iPhone 3G - IPH3GCBCF,CASE MATE CARBON FIBER IPHONE 3G CASE BLACK - IPH3GC-BCF
27197,204318288,1,0.9533,Weber Stainless Steel Genesis S320 Natural Gas Grill - 3880001,"Weber Genesis S-320 3880001 60' Freestanding Gas Grill with 637 sq. in. Cooking Surface, 3 Stainless Steel Burners, Flush-Mounted Side Burner & Stainless Steel Shroud: Natural Gas"
33566,207388752,1,0.9533,Panasonic VIERA 50' Plasma Flat Panel HDTV In Black - TH50PX80U,Panasonic Viera TH-50PX80U 50' Plasma TV
21875,201700823,1,0.9533,Netgear ProSafe 16 Port 10/100 Desktop Switch - Purple Finish - FS116P,Netgear ProSafe FS116P Ethernet Switch - FS116PNA
38767,204154429,1,0.9533,Coby 7' Black Widescreen TFT Portable DVD CD MP3 Player - TFDVD7006,Coby Electronics TF-DVD7006 Portable DVD Player - TFDVD7006
37078,210399915,1,0.9533,LG 42' Glossy Piano Black LCD Flat Panel HDTV - 42LG30,LG 42LG30 42' LCD TV
33948,207391018,1,0.9567,Panasonic Black 8.5' Portable DVD Player - DVDLS83,Panasonic DVD-LS83 Portable DVD Player
33922,207925432,1,0.9567,Panasonic Black DVD Home Theater Sound System - SCPT760,Panasonic SC-PT760 Home Theater System
38468,210435432,1,0.9567,Danby Silhouette 60 Cans Beverage Center - DBC2760BLS,Danby DBC2760BLS 5.0 cu.ft beverage center / 27 bottle wine cooler
32005,202899998,1,0.9567,Panasonic Outdoor Network Camera - BBHCM331A,Panasonic BB-HCM331A Outdoor Network Camera with 2-Way Audio
36102,90139585,1,0.9567,Canon Black Rechargeable Battery - 9612A001,Canon NB-2LH Battery Pack - 9612A001
34370,207390706,1,0.9567,Sony Alpha DSLR Black Camera Body With 18-70mm Zoom Lens - DSLRA300K,Sony alpha DSLR-A300 Digital SLR Camera with 18-70mm Zoom Lens - Black - DSLRA300K
25413,90049795,1,0.9567,Sony MiniDV Cleaning Cassette - DVM12CLD,Sony MiniDV Head Cleaner - DVM12CLD
38704,209114575,1,0.9567,VMware Fusion 2 For Mac - VMFM20BX2,VMware Fusion 2 - VMFM20BX2
28138,204327516,1,0.96,Sony NP-FH100 InfoLithium H Series Standard Rechargeable Battery Pack - NPFH100,Sony NP-FH100 Lithium Ion Camcorder Battery - NPFH100
36722,209656935,1,0.96,AppleCare Protection Plan For iPod Touch Or iPod Classic - MB591LLA,AppleCare for iPod touch or iPod classic - MB591LL/A
33662,205521002,1,0.96,Bracketron Nav-Mat Portable GPS Dash Mount - UFM100BL,Bracketron Nav-Mat Portable GPS Dash Mount - UFM-100-BL
32322,203405815,1,0.96,Fellowes Personal Powershred Shredder - SB97CS,Fellowes Powershred Personal SB-97Cs Confetti Cut Shredder - 3219701
30591,204849801,1,0.96,Audiovox XpressEZ XM Satellite Radio Receiver - XMCK5P,Audiovox XMCK5P EXPRESSEZ Satellite Radio - XMCK5P
37808,204740188,1,0.96,Logitech Black V220 Cordless Optical Mouse For Notebooks - 910000153,Logitech V220 Cordless Optical Mouse for Notebooks - 910-000153
33581,207388759,1,0.96,Panasonic VIERA 46' Plasma Flat Panel 1080p HDTV In Black - TH46PZ80U,Panasonic Viera TH-46PZ80U 46' Plasma TV
36168,208171630,1,0.96,Flip Video F360 Black Mino Series Camcorder - F360B,Pure Digital Flip Mino Digital Camcorder - F360B
33600,207388755,1,0.96,Panasonic VIERA 50' Plasma Flat Panel 1080p HDTV In Black - TH50PZ85U,Panasonic VIERA TH-50PZ85U 50' Plasma TV
34300,207543192,1,0.96,Panasonic DECT 6.0 Expandable Digital Cordless Phone With All-Digital Answering System - KXTG9342T,Panasonic KX-TG9342T Cordless Phone
38726,204080936,1,0.96,Sanus SC1A Black VisionMount Series Ceiling Mount For Small LCD Flat Panels - SC1AB,Sanus Flat Panel Ceiling Mount - SC1A-B1
21175,10412788,1,0.96,NetGear ProSafe 24 Port Smart Switch - FS726TP,Netgear ProSafe FS726TP 24 Port 10/100 Smart Switch - FS726TPNA
9312,90114398,1,0.96,Panasonic Hands-Free Headset - KXTCA86,Panasonic KX-TCA86 Headset
33161,207390656,1,0.96,Sony High Definition HDV Handycam Camcorder - HDRHC9,Sony Handycam HDR-HC9 High Definition Digital Camcorder - HDRHC9
33591,207388754,1,0.96,Panasonic VIERA 42' Plasma Flat Panel 1080p HDTV In Black - TH42PZ85U,Panasonic Viera TH-42PZ85U 42' Plasma TV
35306,207543196,1,0.96,Panasonic DECT 6.0 Silver Expandable Digital Cordless Phone System - KXTG9332S,Panasonic KX-TG9332S DECT 6.0 Expandable Digital Cordless Phone
33493,206928744,1,0.9633,Canon PIXMA MX850 Multifunction Printer - MX850C,Canon PIXMA MX850 Multifunction Photo Printer - 2436B002
33637,207391015,1,0.9633,Toshiba 19' Black LCD HDTV With Built In DVD Player - 19LV505,Toshiba 19LV505 - 19' Widescreen LCD HDTV w/ Built-in DVD Player - 800:1 Contrast Ratio - 5ms Response Time
36161,208171631,1,0.9633,Flip Video F360 White Mino Series Camcorder - F360W,Pure Digital Flip Mino Digital Camcorder - F360W
23837,202635467,1,0.9633,Sony Learning Remote Control - Silver Finish - RMVL600,Sony Learning Remote Control - RMVL600
27194,204318283,1,0.9633,Weber Stainless Steel Genesis S320 LP Grill - 3780001,Weber Genesis S-320 3780001 60' Freestanding Gas Grill
33883,208177785,1,0.9633,Boston Acoustics Duo-I AM/FM Clock Radio With iPod Dock - HDUOIMDNT,Boston Acoustics Horizon Duo-i AM/FM Stereo Radio - HDUOIMDNT
36988,209253739,1,0.9633,Canon VIXIA 120GB High Definition Hard Disc Drive Black Camcorder - HG21,Canon VIXIA HG21 High Definition Camcorder - 2704B001AA
35052,207897840,1,0.9633,Sharp 26' Black LCD HDTV With Built In DVD Player - LC26DV24U,Sharp LC26DV24U 26' TV/DVD Combo
26805,203900180,1,0.9633,Tech Craft ABS48 Antique Black Avalon Series 48' TV Stand - ABS48,"ABS48 Wood TV Stand (Avalon Series, 48-in. Max)"
25950,202870170,1,0.9667,Garmin 010-10702-00 Black GA 25MCX Remote GPS Antenna - 0101070200,Garmin GA 25MCX Low Profile Remote GPS Antenna - 010-10702-00
17596,90139261,1,0.9667,Sanus 13' - 30' Flat Panel TV Black Wall Mount - VM1B,Sanus Flat Panel TV Wall Mount - VM1B
30808,204345240,1,0.9667,Panasonic 2GB SD Memory Card - SDV02GU1A,PANASONIC 2GB SD CARD PROHISPD 20 MB/SEC - RP-SDV02GU1A
33478,208154550,1,0.9667,Sony Gold Cyber-Shot Digital Camera - DSCW150N,Sony Cyber-shot DSC-W150 Digital Camera - Gold - DSCW150N
33471,208294727,1,0.9667,Sony Silver Cyber-Shot Digital Camera - DSCW150,Sony Cyber-shot DSC-W150 Digital Camera - Silver - DSCW150
36118,203142471,1,0.9667,Griffin iPod DirectDeck Universal Cassette Adapter - 7256DDECK,DIRECTDECK UNIVERSAL CASSETTE ADAPTER FOR MP3 PLAYERS - 7256-DDECK
36454,208237793,1,0.9667,Speck SeeThru Orange Hard Shell Case For 15' MacBook - MB15ORGSEEV2,Speck Products SeeThru Case for Apple 15' MacBook Pro - MB15-ORG-SEE-V2
34751,207543189,1,0.9667,Panasonic DECT 6.0 Black Expandable Digital Cordless Phone System - KXTG9372B,Panasonic KX-TG9372B Expandable Digital Cordless Phone
38474,10343605,1,0.9667,Linksys Gigabit 5-Port Workgroup Switch - EG005W,Linksys Instant Gigabit EG005W Ethernet Switch
23686,10333848,1,0.9667,Linksys EtherFast 4124 24-Port Ethernet Switch - EF4124,Linksys EtherFast EF4124 Ethernet Switch
33863,207391013,1,0.9667,Toshiba 22' LCD HDTV With Built In DVD Player In Black - 22LV505,Toshiba 22LV505 - 22' Widescreen LCD HDTV w/ Built-in DVD Player - 1000:1 Contrast Ratio - 5ms Response Time - Black
33595,207388756,1,0.9667,Panasonic VIERA 46' Plasma Flat Panel 1080p HDTV In Black - TH46PZ85U,Panasonic Viera TH-46PZ85U 46' Plasma TV
33582,207388758,1,0.97,Panasonic VIERA 50' Plasma Flat Panel 1080p HDTV In Black - TH50PZ80U,Panasonic Viera TH-50PZ80U 50' Plasma TV
33209,208653765,1,0.97,Sony 7' Digital Photo Frame In Black - DPFD70,Sony DPFD70 Digital Photo Frame
13954,90128649,1,0.97,Panasonic Corded Phone - KXTS3282B,Panasonic KX-TS3282B Corded Phone
36494,204740975,1,0.97,LaCie 2TB Ethernet Big Disk External Hard Drive - 301239U,LaCie Big Disk Ethernet Network Storage Server - 301239U
38327,207390671,1,0.97,Canon Black BP-808 Camcorder Battery Pack - 2740B002,Canon BP-808 Lithium Ion Camcorder Battery Pack - 2740B002
35332,208504422,1,0.97,Mitsubishi 835 Diamond Series 65' 1080p DLP Rear Projection HDTV - WD65835,Mitsubishi Diamond WD-65835 65' Projection TV
38278,206725964,1,0.97,Sony Memory Stick PRO DUO Adapter For CompactFlash Slot - ADMSCF1,Sony ADMSCF1 Sony Memory Stick Duo Adapter for CF
35903,205769439,1,0.97,Sony 2GB Memory Stick Micro (M2) - MSA2GU2,Sony 2GB Memory Stick Micro (M2) - MSA2GD
23097,202635701,1,0.97,Uniden 5.8GHz Accessory Handset And Charger - TCX905,Uniden TCX905 Cordless Handset - TCX905
36033,202861078,1,0.97,Canon Black Leather Camera Case - 1588B001,Canon PSC-55 Deluxe Leather Camera Case - 1588B001
32560,207540310,1,0.97,Sony Mylo White Personal Communicator - COM2WHITE,"Sony Mylo COM-2 PDA (1GB, Memory Stick Duo) Personal Communicator - COM2WHITE"
37872,210190818,1,0.97,Apple MacBook 2.4GHz Intel Core 2 Duo Silver Notebook Computer - MB467LLA,Apple MacBook Notebook - MB467LLA
34151,206854516,1,0.97,Panasonic 5.8 GHz Black Expandable Digital Cordless Phone System - KXTG4324B,Panasonic KX-TG4324B 5.8 GHz Expandable Digital Cordless Phone
34130,207900174,1,0.97,Samsung 5 Disc Black Home Theater System - HTZ410T,Samsung HTZ410T Home Theater System - HTZ410T
33472,205777549,1,0.97,Transcend 2GB 133x Ultra Speed Compact Flash Card - TS2GCF133,Transcend 2GB CompactFlash Card (133x) - TS2GCF133
34944,208042977,1,0.97,Samsung 67' Black Widescreen Series 7 LED DLP HDTV - HL67A750,"Samsung HL-67A750 - 67' Widescreen 1080p DLP HDTV - 10,000:1 Contrast Ratio - HL67A750"
35216,208294701,1,0.97,Samsung Black Blu-ray Player - BDP1500,Samsung BDP-1500 Blu-ray DVD Player - BDP1500
37331,207686317,1,0.97,Coby 10.2' Black LCD Flat Panel HDTV - TFTV1022,Coby Electronics TF-TV1022 10.2' LCD TV - TFTV1022
29338,202143947,1,0.97,Sony Memory Stick USB Adaptor - MSACUS40,Sony Memory Stick USB Card Reader/Writer - MSACUS40
30457,207390171,1,0.97,Sony Black DVD Recorder And VHS Combo Player - RDRVXD655,Sony RDRVXD655 DVD/VCR Combo
21047,10373002,1,0.9733,Sony VAIO Neoprene Notebook With AC Adapter Case - Black Finish - VGPAMC2,Sony VAIO Notebook and AC Adapter Case - VGPAMC2
33966,205561996,1,0.9733,Peerless 32' - 45' Articulating Flat Panel TV Black Wall Arm - SA745PU,Peerless SmartMount 700 Series Articulating Wall Arm
21297,202070149,1,0.9733,Sony Memory Stick Duo Replacement Adaptor - Silver/Blue Finish - MSACM2,Sony Memory Stick Duo Replacement Adapter - MSACM2
20532,90105654,1,0.9733,Belkin Pro Series 16 Ft.  USB 2.0 Cable - F3U13316,BELKIN PRO SERIES USB DEVICE CABLE 16 - F3U133-16
33219,205562000,1,0.9733,Peerless 32' - 50' Articulating Flat Panel TV Black Wall Arm - SA750PU,Peerless SmartMount 700 Series Articulating Wall Arm
17906,204274644,1,0.9733,Frigidaire Electric Dryer - FEQ1442WH,Frigidaire Electric Dryer - FEQ1442WH 5.8 Cubic Foot Super Capacity Drum
26241,208456199,1,0.9733,Whirlpool Cabrio WTW6400SW Top Loading White Washer - WTW6400SWH,Whirlpool WTW6400SW Cabrio 4.5 Cu Ft Capacity Washer (White)
22940,203472622,1,0.9733,Panasonic Plain Paper Fax/Copier With All-Digital Answering System - Silver Finish - KXFP145,Panasonic KX-FP145 Plain Paper Thermal Transfer Fax/Copier - KXFP145
36990,209253738,1,0.9733,Canon VIXIA 60GB High Definition Hard Disc Drive Black Camcorder - HG20,Canon VIXIA HG20 High Definition Camcorder - 3085B001AA
17191,202041195,1,0.9733,Universal IR/RF Aeros Remote Control- MX850 - MX850,Universal Aeros IR/RF Remote Control - MX850
33485,208792604,1,0.9733,Sony Silver Cyber-Shot Digital Camera - DSCW170,Sony Cyber-shot DSC-W170 Digital Camera - Silver - DSCW170
34174,205817784,1,0.9733,Klipsch Groove PM20 Computer Speakers - GROOVEPM20BK,Klipsch Groove PM20 Computer Speakers - 1007596
36083,206362623,1,0.9733,Canon Deluxe Grey Leather Case - 2349B001,Canon PSC-1000 Semi-Hard Leather Case - 2349B001
34941,208504307,1,0.9733,Sony 7.1 Channel Black A/V Receiver - STRDG820,Sony STR-DG820 A/V Receiver - STRDG820
6493,203017999,1,0.9733,Denon Stereo Tuner - TU1500RD,Denon TU-1500RD Stereo Radio Tuner - TU1500RD
26082,204274660,1,0.9767,Whirlpool WED6400SB Cabrio Super Capacity Plus Electric Black Dryer - WED6400SBK,WED6400SB Cabrio Super Capacity Plus Electric Black Dryer
34697,206783262,1,0.9767,LaCie 500GB d2 Quadra External Hard Drive - 301825U,LaCie d2 Quadra Hard Drive - 301825U
34637,209934620,1,0.9767,Sony Black Speaker Dock And Clock Radio For iPod And iPhone - ICFC1IPMK2BLK,SONY IPOD/PHONE DOCK CLOCK RADIO BLACK NIC - ICFC1IPMK2BLK
24693,203087681,1,0.9767,Denon Fully Automatic Analog Turntable - DP300F,Denon DP-300F Analog Record Turntable - DP300F
34624,207934191,1,0.9767,Sony 7.1 Channel Black A/V Receiver - STRDG720,Sony STR-DG720 A/V Receiver - STRDG720
32984,203934122,1,0.9767,Peerless Flat Panel Display Mount Black Finish - SGLB01,Peerless SGLB01 Flat Panel TV Stand
14061,203025423,1,0.9767,Kenwood 6-Disc CD Changer - KDCC669,Kenwood KDC-C669 Car CD Changer - KDCC669
33653,207391014,1,0.9767,Toshiba White 19' LCD HDTV DVD Combo - 19LV506,Toshiba 19LV506 - 19' Widescreen LCD HDTV w/ Built-in DVD Player - 800:1 Contrast Ratio - 5ms Response Time - White
36305,202899626,1,0.9767,Linksys Wireless-N Security Router - WRVS4400N,Linksys Wireless-N WRVS4400N Gigabit Security Router with VPN
37722,210401458,1,0.9767,Apple iPod Nano Gray Armband - MB769GA,Apple iPod nano Armband - MB769G/A
29392,204295637,1,0.9767,Audiovox 9' LCD Drop Down TV With Built-In DVD - VE927,Audiovox VE927 9' TV/DVD Combo
31956,206356229,1,0.9767,Sirius Sportster 5 Dock And Play Radio With Car Kit - SP5TK1,Sirius Sportster 5 Radio with Vehicle Kit
37254,209199789,1,0.9767,Canon PIXMA Black Photo Printer - IP4600,Canon PIXMA iP4600 Inkjet Color Photo Printer - 2909B002
13580,90125772,1,0.98,Sanus WMS3B Black Weather Resistant Small Speaker Wall Mount - WMS3B,Sanus Speaker Mount - WMS3B BLACK
36446,208226698,1,0.98,Speck SeeThru Blue Hard Shell Case For 15' MacBook - MB15BLUSEEV2,Speck Products SeeThru Case for Apple 15' MacBook Pro - MB15-BLU-SEE-V2
28180,202916534,1,0.98,Microsoft Office Home And Student 2007 For Windows Vista - 79G00007,Microsoft Office 2007 Home and Student - 79G-00007
36027,203396159,1,0.98,Canon Battery Charger - 1133B001,Canon CB-2LX Battery Charger - 1133B001
37803,207875395,1,0.98,Logitech White V470 Cordless Laser Mouse For Apple Notebooks - 910000692,Logitech V470 Cordless Laser Mouse for Notebooks - 910-000692
38619,202985806,1,0.98,LG Washer Dryer White Stacking Kit - WSTK1,LG Electronics LG WSTK1 Washer/Dryer Stacking Kit: White
26350,202537952,1,0.98,Panasonic KX-TGA450B Black 5.8 GHz Cordless Handset - KXTGA450B,Panasonic KX-TGA450B Cordless Handset
26461,200924629,1,0.98,Linksys Wireless-G VPN Broadband Silver Router - WRV54G,Linksys WRV54G Wireless-G VPN Broadband Router
34266,207900180,1,0.98,Samsung 42' Black Flat Panel Series 4 Plasma HDTV - PN42A450P,"Samsung PN42A450 - 42' Widescreen 720p Plasma HDTV - 100,000:1 Dynamic Contrast Ratio - Piano Black - PN42A450P"
34894,208504340,1,0.98,Sony 46' BRAVIA W-Series Black LCD Flat Panel HDTV - KDL46W4100,Sony BRAVIA W Series KDL-46W4100 46' LCD TV - KDL46W4100
32579,10388980,1,0.98,Netgear Wireless Access Point - WG102,Netgear ProSafe WG102 Wireless Access Point 802.11g - WG102NA
32653,205888207,1,0.98,Microsoft Office 2008 For Mac Home And Student Edition - GZA00006,Microsoft Office:mac 2008 Home and Student Edition - GZA-00006
32744,204832843,1,0.98,Sirius Satellite Radio Universal Car Tuner - SCC1,Sirius SCC1 Universal Vehicle Tuner
35194,208504297,1,0.98,Sony 37' BRAVIA XBR Series Black LCD Flat Panel HDTV - KDL37XBR6,Sony BRAVIA XBR Series KDL-37XBR6 37' LCD TV - KDL37XBR6
34960,208455896,1,0.98,Sony Weather Shower CD Clock Radio - ICFCD73W,Sony ICF-CD73W AM/FM/Weather Shower CD Clock Radio (White)
35226,209869989,1,0.9833,Sony 42' BRAVIA V Series Black LCD Flat Panel HDTV - KDL42V4100,SONY 42IN BRAVIA LCD V-SERIES 1080P HDTV - KDL42V4100
17872,90145561,1,0.9833,Sanus 15' - 40' Flat Panel TV Silver Wall Mount - VM400S,Sanus Flat Panel TV Wall Mount - VM400S
33157,207390654,1,0.9833,Sony 40GB High Definition Hard Disk Drive Handycam Camcorder - HDRSR10,Sony Handycam HDR-SR10 High Definition Digital Camcorder - HDRSR10
36862,208342520,1,0.9833,Griffin iPhone 3G Black Elan Form Hard-Shell Leather Case - 8223IP2EFRMB,Griffin Elan Form for iPhone 3G - 8223-IP2EFRMB
33377,10346525,1,0.9833,Linksys Wireless-G Ethernet Bridge - WET54G,Linksys G Wireless-G WET54G Wireless Bridge
33464,210245837,1,0.9833,KitchenAid ProLine Series 16 Cup Food Processor - KPFP850OB,KITCHENAID KPFP850OB - Food Processor
37207,209656962,1,0.9833,Apple 8GB Black 4th Generation iPod Nano - MB754LLA,Apple 8GB iPod nano Black (4th Generation) - MB754LL/A
33630,207659194,1,0.9833,Toshiba Black 9-Inch LCD Widescreen Portable DVD Player - SDP91S,Toshiba SD-P91S Portable DVD Player
31020,205835447,1,0.9833,Sony HD-Handycam 1.5 Meters (5 Feet) HDMI Mini Cable - VMC15MHD,Sony High Definition HDMI to Mini-HDMI Cable - VMC15MHD
31954,206356233,1,0.9833,Sirius STILETTO 2 Home Docking Kit - SLH2,SIRIUS SLH2 SIRIUS? Stiletto 2 Portable Radio Home Kit
33758,207910212,1,0.9833,Sony DVP-FX820 Black 8' Portable DVD Player - DVPFX820,Sony DVP-FX820 Portable DVD Player - DVPFX820
27778,205844282,1,0.9833,Sony LCS-CSJ Black Soft Carrying Case - LCSCSJ,Sony LCS-CSJ Soft Camera Case - LCSCSJ
34036,207390682,1,0.9833,Sony Black Handycam Camcorder Soft Carrying Case - LCSX20,Sony LCS-X20 Camcorder Case - LCSX20
37606,10353206,1,0.9833,Netgear Prosafe 5 Port Gigabit Ethernet Desktop Switch - GS105NA,Netgear ProSafe GS105 Ethernet Switch - GS105NA
28256,204563763,1,0.9833,Sony SLV-D380P Black DVD VHS Combo Player - SLVD380P,Sony SLVD380P DVD/VCR Combo
37231,209114390,1,0.9833,Yamaha YAS-71 Black Front Surround System - YAS71BK,Yamaha YAS-71 Front Surround System - YAS-71BL
34119,207514567,1,0.9833,Sony Remote Control Tripod - VCT60AV,Sony VCT-60AV Tripod - VCT60AV
37811,209245960,1,0.9833,Sony VAIO LV Series Silver All-In-One Desktop Computer - VGCLV150J,Sony VAIO LV All-in-One Desktop - VGCLV150J
37807,207682397,1,0.9833,Logitech Black V450 Nano Cordless Laser Mouse For Notebooks - 910000619,Logitech V450 Nano Cordless Laser Mouse For Notebooks - 910-000619
34278,207934190,1,0.9833,Sony 5.1 Channel Black A/V Receiver - STRDG520,Sony STR-DG520 A/V Receiver - STRDG520
34724,207666382,1,0.9833,Sony 2GB Memory Stick PRO Duo Mark 2 Media Card - MSMT2G,Sony 2GB Memory Stick PRO Duo Card - MSMT2G
34881,208294718,1,0.9833,Sony 32' BRAVIA L-Series Black LCD Flat Panel HDTV - KDL32L4000,Sony BRAVIA KDL-32L4000 32' LCD TV - KDL32L4000
24316,204569292,1,0.9833,Whirlpool Duet Sport 27' White Electric Dryer  - WED8300SWH,Whirlpool Duet Sport 27'' Electric Dryer - WED8300SWH 6.7 Cubic Foot Capacity
31030,205557530,1,0.9867,Canon PIXMA Multifunction Printer - MX310,Canon PIXMA MX310 Multifunction Photo Printer - 2184B002
33499,206725198,1,0.9867,Cuisinart Stainless Steel Convection Toaster Oven - TOB195,Cuisinart TOB-195 Cuisinart Exact Heat Convection Toaster Oven Broiler - TOB195
37174,209208663,1,0.9867,TiVo HD XL Black Digital Video Recorder - TCD658000,TiVo TCD658000 - HD XL Digital Video Recorder
32315,205083968,1,0.9867,Uniden Dect 6.0 Accessory Handset  And Charging Cradle - DCX200,UNIDEN DCX200 DECT 6.0 Accessory Handset & Charger
33272,209273200,1,0.9867,Canon DVD Camcorder - DC310,Canon DC310 Digital Camcorder - 2694B001
34968,209297152,1,0.9867,Sony Splash Resistant Shower Radio - ICFS79W,Sony ICF-S79W Weather Band Digital Shower Radio - ICFS79W
33723,206356234,1,0.9867,Polk Audio Sirius Satellite Radio Home Tuner - SRH1000,SIRIUS SRH1000 Polk Audio Designs? Dual Zone Home Tuner
31887,206639246,1,0.9867,Delonghi Coffee Maker In Black - DCF212T,DELONGHI DCF212T 12-Cup Drip Coffee Maker
36861,210442348,1,0.9867,Sony 46' BRAVIA XBR Series Black LCD Flat Panel HDTV - KDL46XBR6,Sony BRAVIA XBR Series KDL-46XBR6 46' LCD TV - KDL46XBR6
5644,203023505,1,0.9867,Sony 5 Disc CD Player - CDPCE375,Sony CDP-CE375 CD Player/Changer - CDPCE375
36029,202785722,1,0.9867,Canon NB-5L Lithium Battery - 1135B001,Canon NB-5L Lithium-Ion Digital Camera Battery - 1135B001
28500,203445749,1,0.9867,Sony MS-A1GD 1GB Memory Stick Micro (M2) - MSA1GD,Sony 1GB Memory Stick Micro (M2) Card - MSA1GD
33668,206917817,1,0.9867,Nikon CoolPix S550  Blue 10.0 Megapixels Compact Digital Camera - COOLPIXS550CB,Nikon Coolpix S550 Digital Camera - Cool Blue - 26109
29902,205144562,1,0.9867,TiVo HD Digital Video Recorder (180 Hour) - TCD652160,TiVo HD Digital Video Recorder - Up to 20 Hours in HD! - TCD652160
35190,208117918,1,0.9867,LG 24' LDF6920BB Fully Integrated Built In Black Dishwasher - LDF6920BK,LG LDF6920BB Fully Integrated Dishwasher
9071,203024998,1,0.9867,Sony 400 Disc MegaStorage CD Changer - CDPCX455,Sony CDP-CX455 CD Player/Changer - CDPCX455
34662,208294722,1,0.9867,Mitsubishi 736 Series 65' 1080p DLP Rear Projection Black HDTV - WD65736,Mitsubishi WD-65736 65' Projection TV - WD65736
38455,202104453,1,0.9867,Linksys Compact Wireless-G USB Adapter - WUSB54GC,Linksys Wireless-G WUSB54GC Compact USB Adapter
38486,205865187,1,0.9867,Transcend 133X High-Speed 8GB Compact Flash Card - TS8GCF133,Transcend 8GB Compact Flash Card (133x) - TS8GCF133
35334,208504396,1,0.9867,Mitsubishi 835 Diamond Series 73' 1080p DLP Rear Projection HDTV - WD73835,Mitsubishi Diamond WD-73835 73' Projection TV - WD73835
35810,10326220,1,0.9867,Canon KP-36IP Color Ink & Paper Set - 7737A001,Canon KP 36IP Print Cartridge / Paper Kit - 7737A001
35591,208171946,1,0.9867,Samsung 72' Series 6 Black Widescreen DLP HDTV - HL72A650,"Samsung HL72A650 - 72' Widescreen 1080p DLP HDTV - 2,500:1 Contrast Ratio"
38796,209310279,1,0.9867,Belkin Leather Folio For 2G iPod Touch - F8Z373,Belkin Folio for iPod touch - F8Z373
38773,210441166,1,0.9867,Sony Black HD Radio With Dock For iPod And iPhone - XDRS10HDIP,Sony XDR-S10HDiP Clock Radio with iPod Dock - XDRS10HDIP
30575,209297205,1,0.99,GE 24' GSD2400NWW White Built-In Dishwasher - GSD2400WH,GE GSD2400NWW Dishwasher with 5 Wash Cycles - gsd2400nww
33997,207390717,1,0.99,Sharp AQUOS 37' Black LCD HDTV - LC37D64U,Sharp AQUOS LC-37D64U 37' LCD TV
33298,206526266,1,0.99,SIRIUS SiriusConnect Vehicle Kit In Black - SCVDOC1,SIRIUS SCVDOC1 SiriusConnect? Universal Vehicle Kit
33160,207390655,1,0.99,Sony 120GB High Definition Hard Disk Drive Handycam Camcorder - HDRSR12,Sony Handycam HDR-SR12 High Definition Digital Camcorder - HDRSR12
32493,203324970,1,0.99,Sirius Plug And Play Universal Home Kit - SUPH1,Sirius SUPH1 Sirius Universal Home Kit
33159,206725196,1,0.99,Cuisinart Stainless Steel 4-Quart Programmable Slow Cooker - PSC400,Cuisinart PSC-400 Cuisinart Programmable Slow Cooker - PSC400
15046,209297200,1,0.99,GE GSD4000NWW White Built-In Dishwasher - GSD4000WH,GE GSD4000NWW Dishwasher with 5 Wash Cycles STD TUB ESTAR ( White) - gsd4000nww
34092,210520736,1,0.99,Samsung 32' Black Flat Panel Series 4 LCD HDTV - LN32A450,Samsung LN32A450 32' 720p LCD HDTV
34031,207910213,1,0.99,Sony Black USB Stereo Turntable System - PSLX300USB,Sony PSLX300USB USB Record Turntable
30957,202046565,1,0.99,Linksys Wireless-G Broadband Router - WRT54GL,Linksys Wireless-G WRT54GL Broadband Router
36864,210442350,1,0.99,Sony 52' BRAVIA XBR Series Black LCD Flat Panel HDTV - KDL52XBR6,Sony BRAVIA XBR Series KDL-52XBR6 52' LCD TV - KDL52XBR6
38106,202026554,1,0.99,Canon Black EF 70-300mm F/4-5.6 IS USM Telephoto Zoom Lens - 0345B002,Canon EF 70-300mm f/4-5.6 IS USM Telephoto Zoom Lens - 0345B002
34280,207900177,1,0.99,Samsung 22' Black Flat Panel LCD HDTV - LN22A450,Samsung 4 Series LN22A450 22' LCD TV
36077,207900176,1,0.99,Samsung 19' Black Flat Panel Series 6 LCD HDTV - LN19A650,Samsung 6 Series LN19A650 19' LCD TV
27501,203928709,1,0.99,Sirius FMDA25 Wired FM Modulation Relay - FMDA25,SIRIUS FMDA25 Wired FM Relay Kit
27739,204644752,1,0.99,Electrolux Oxygen 3 Canister HEPA H12 Filter - EL012A,Electrolux Homecare #EL012A Electro H12 Hepa Filter
27479,10351869,1,0.99,Tripp-Lite PV375 PowerVerter 375-Watt Ultra-Compact Inverter - PV375,Tripp Lite PowerVerter 375-Watt Ultra-Compact Inverter - PV375
34401,208456262,1,0.99,Whirlpool Cabrio Diamond Dust Top Loading Washer - WTW6700TU,Whirlpool WTW6700TU Cabrio 4.6 Cu. Ft. Top Load Washer (Diamond Dust)
36020,202472204,1,0.99,Canon Deluxe Soft Black Camera Case - 0716B001,Canon PSC-75 Deluxe Soft Case - 0716B001
23658,203065730,1,0.99,Apple USB Modem - White Finish - MA034ZA,Apple V.92 Data/Fax USB Modem - MA034ZA
38449,206576717,1,0.99,Linksys Dual-Band Wireless-N Gaming Adapter - WGA600N,Linksys WGA600N Wireless Gaming Adapter
23325,202456903,1,0.99,TiVo Series2 Dual Tuner Digital Video Recorder - TCD649080,TiVo TCD649080 - Series2 Digital Video Recorder - Up to 80 Hours Capacity
35623,207514417,1,0.99,Peerless 10' - 22' Flat Panel TV Black Pivot Wall Arm - PP730,Peerless PP730 Universal Pivot Wall Arm
35034,208504369,1,0.99,LG 52' Black LCD Flat Panel HDTV - 52LG50,LG 52LG50 52' LCD TV
34661,208294716,1,0.99,Mitsubishi 735 Series 65' 1080p DLP Rear Projection Black HDTV - WD65735,Mitsubishi WD-65735 65' Projection TV - WD65735
34553,204793356,1,0.99,Sony Stereo Bluetooth Speaker - SRSBTM30,Sony SRS-BTM30 Wireless Stereo Bluetooth Speaker - SRSBTM30
38920,206870284,1,0.99,Transcend JetFlash V10 16GB USB Flash Drive - TS16GJFV10,Transcend 16GB JetFlash USB Flash Drive - TS16GJFV10
34595,203199121,1,0.99,Hoover EmPower Bagless Upright Vacuum - U5269,"Hoover EmPower U5269-900 Vacuum (Upright, HEPA, Bagless)"
9546,208294904,1,0.99,Frigidaire 24' White Built-In Dishwasher - FDB130WH,Frigidaire FDB130RGS 24' Built-In Dishwasher (White)
34858,208294698,1,0.9933,Sony 26' BRAVIA M-Series Black LCD Flat Panel HDTV - KDL26M4000,Sony BRAVIA M Series KDL-26M4000 26' LCD TV - KDL26M4000
17873,90145584,1,0.9933,Sanus 15' - 40' Flat Panel TV Black Wall Mount - VM400B,Sanus Flat Panel TV Wall Mount - VM400B
13213,203025617,1,0.9933,Sony Compact Disc Player/Recorder - RCDW500C,Sony Compact Disc Player/Recorder - RCDW500C
38477,10011646,1,0.9933,Linksys EtherFast 8-Port 10/100 Switch - EZXS88W,Linksys EtherFast EZXS88W Ethernet Switch - EZXS88W
27810,204563770,1,0.9933,Sony Progressive Scan Black DVD Player - DVPNS57PB,Sony DVPNS57P DVD Player - DVPNS57PB
37623,208809705,1,0.9933,Jabra Bluetooth Headset - BT2070,Jabra BT2070 Bluetooth Headset - 100-92070000-02
37531,204226641,1,0.9933,Case Logic Vertical Universal Leather BlackBerry Case - CLP104BB,Case Logic Universal Vertical PDA Leather Pouch - CLP104BB
36803,207469300,1,0.9933,Sony VAIO Black USB Docking Station - VGPUPR1,Sony VAIO USB Docking Station - VGPUPR1
33690,207391431,1,0.9933,Toshiba 19' Black LCD HDTV - 19AV500U,Toshiba 19AV500U 19' LCD TV
33273,206808432,1,0.9933,Canon DVD Camcorder - DC320,Canon DC320 Digital Camcorder - 2691B001
34552,208504187,1,0.9933,Sony 32' BRAVIA XBR Series Black LCD Flat Panel HDTV - KDL32XBR6,Sony BRAVIA KDL32XBR6 32' LCD TV
32561,207338879,1,0.9933,Sony Mylo Black Personal Communicator - COM2BLACK,Sony Mylo COM-2 Personal Communicator - Black - COM2BLACK
37856,210252385,1,0.9933,Canon Black Leather Case - 3528B001,Canon PSC-4000 Deluxe Leather Case N - 3528B001
38003,210404123,1,0.9933,Sony 10' Black LCD Digital Photo Frame - DPFD100,Sony DPFD100 Digital Photo Frame
36471,209208661,1,0.9933,Samsung 55' Series 9 LCD Black Flat Panel HDTV - LN55A950,Samsung 9 Series LN55A950 55' LCD TV
37893,208937534,1,0.9933,Toshiba 26' Black LCD HDTV - 26AV502U,Toshiba 26AV502U - 26' Widescreen 720p LCD HDTV - Piano Black
36243,206678505,1,0.9933,Monster iCarPlay Wireless 250 FM Transmitter With AutoScan for iPod And iPhone - AIPFMCH250,MONSTER A IP FM-CH 250 iCarPlay Wireless 250 FM Transmitter for iPod & iPhone - AIPFM-CH250
36127,210402579,1,0.9967,Samsung Stereo Bluetooth Headset In Black - SBH500,Samsung SBH500 Stereo Bluetooth Headset
26930,203920144,1,0.9967,Monster PS3 HDMI-2M Playstation 3 GameLink HDMI Digital Video/Audio Cable - PS3HDMI2M,Monster Cable GameLink HDMI Digital Video/Audio Cable for PlayStation 3 - 1 x HDMI - 6.56ft - PS3 HDMI-2M
26137,204272122,1,0.9967,Panasonic SR-NA18 White Deluxe Fuzzy Logic Rice Cooker - SRNA18,Panasonic SR-NA18 10-Cup Rice Cooker/Warmer with Advanced Fuzzy Logic Technology
25388,90145568,1,0.9967,Sanus 9' - 17' VisionMount Series Under Cabinet Flat Panel TV Silver Wall Mount - VMUC1S,Sanus Under Cabinet LCD TV Mount - VMUC1S
34301,206615080,1,0.9967,LaCie 1TB USB 2.0 External Hard Drive - 301304U,LaCie USB 2.0 External Hard Drive - 301304U
38221,203343197,1,0.9967,Canon EF 75-300mm F/4-5.6 III Telephoto Zoom Lens - 6473A003,Canon EF 75-300mm f/4-5.6 III Telephoto Zoom Lens - 6473A003
27364,204791586,1,0.9967,Kenwood KCA-IP200 Black iPod Direct Cable - KCAIP200,Kenwood iPod Direct Cable - kcaip200
25788,203396327,1,0.9967,Nikon 70-300mm f/4.5-5.6G ED-IF AF-S VR Zoom-Nikkor Lens - 2161,Nikon Nikkor 70-300mm f/4.5-5.6G ED-IF AF-S VR Telephoto Zoom Lens - 2161
34490,207656388,1,0.9967,Samsung 37' Series 4 LCD Black Flat Panel HDTV - LN37A450,Samsung 4 Series LN37A450 37' LCD TV
34095,207653548,1,0.9967,Samsung 58' Black Flat Panel Series 5 Plasma HDTV - PN58A550,Samsung PN58A550 58' Plasma TV
37812,209245958,1,0.9967,Sony VAIO RT Series Black All-In-One Desktop Computer - VGCRT150Y,Sony VAIO RT All-in-One Desktop - VGCRT150Y
36053,90141687,1,0.9967,Canon CB-2LV Battery Charger - 9764A001,Canon CB-2LV Battery Charger - 9764A001
33713,206812380,1,0.9967,Sharp Aquos 37' LCD HDTV In Black - LC37D44U,Sharp AQUOS LC37D44U 37' LCD TV - LC37D44U
36023,202451162,1,0.9967,Canon Battery Charger - 0763B001,Canon Canon CB-2LW Battery Charger - 0763B001
26861,203388612,1,0.9967,Sirius ST4-TK1 Starmate 4 Radio With Car Kit - ST4TK1,Directed Electronics Starmate 4 Sirius Satellite Radio Receiver - ST4TK1
34096,207642358,1,0.9967,Samsung 50' Black Flat Panel Series 4 Plasma HDTV - PN50A450,Samsung PN50A450 50' Plasma TV
37150,208791918,1,0.9967,Toshiba Black 15' LCD Flat Panel HDTV/DVD Combo - 15LV505,15' LCD HDTV/DVD Combo Black - 15LV505
27920,206725724,1,0.9967,DeLonghi Magnifica Super-Automatic Espresso/Coffee Machine - ESAM3300,DeLonghi ESAM3300 Esclusivo Magnifica Super-Automatic Espresso/Coffee Machine
28067,203922244,1,0.9967,Pioneer CD-I200 iBus Interface Cable For iPod - CDI200,Pioneer iBus Interface Cable for iPod - CD-I200
31813,207533462,1,0.9967,Kenwood Sirius Radio Translator For In-Dash Head Units - KCASR50,KENWOOD KCA-SR50 SIRIUS Radio Translator for In-Dash Head Units
33280,206808434,1,0.9967,Canon Vixia High Definition Camcorder - HF10,Canon VIXIA HF10 High Definition Digital Camcorder - 2573B001
32986,206179521,1,0.9967,Panasonic KX-TGA820B Black DECT 6.0 Cordless Handset - KXTGA820B,Panasonic KX-TGA820B Cordless Handset
33275,206808430,1,0.9967,Canon Vixia High Definition Camcorder - HV30,Canon VIXIA HV30 High Definition Digital Camcorder - 2680B001
16668,90148258,1,0.9967,Omnimount TV Top Shelf Mount - CCH1P,OmniMount TV Top Shelf Mount - CCH1P
16669,90140203,1,0.9967,Omnimount TV Top Shelf Mount - CCH1B,OmniMount TV Top Shelf Mount
38794,209704118,1,0.9967,Belkin White Switch-To-Mac Cable - F4U001,Belkin Switch-to-Mac Cable - F4U001
38507,206181767,1,0.9967,Linksys Black Media Center Extender - DMA2100,Linksys Media Center Extender - DMA2100
35415,206827757,1,0.9967,Uniden DECT 6.0 Digital Accessory Handset  - DCX300,Uniden DCX300 DECT 6.0 Accessory Handset and Cradle for the DECT2000 series
35467,201699873,1,0.9967,Peerless 23' - 46' Universal Flat Panel TV Black Wall Mount - SF640P,Peerless Universal Flat Wall Mount - SF640P
34895,208504345,1,0.9967,Sony 52' BRAVIA V-Series Black LCD Flat Panel HDTV - KDL52V4100,Sony BRAVIA V Series KDL-52V4100 52' LCD TV - KDL52V4100
34864,208294717,1,0.9967,Sony 46' BRAVIA S-Series Black LCD Flat Panel HDTV - KDL46S4100,Sony BRAVIA S Series KDL-46S4100 46' LCD TV - KDL46S4100
16741,201959840,1,1.0,Delonghi Twenty Four Seven Coffee Maker In Black - DC50B,"DeLonghi DC50B Twenty Four Seven Drip Coffee Maker, Black"
36637,205728900,1,1.0,LaCie Little Disk 250GB Black Portable Hard Drive - 301278,LaCie Little Disk Hard Drive - 301278
32405,203938179,1,1.0,Transcend JetFlash V10 8GB USB Flash Drive - TS8GJFV10,Transcend 8GB JetFlash V10 USB Flash Drive - TS8GJFV10
16765,204569335,1,1.0,Frigidaire 27' Electric Stack Washer Dryer Combo - FEX831WH,Frigidaire 27'' Electric Stack Washer Dryer Combo - FEX831WH Extra-Large Capacity Wash Tub
26622,203201062,1,1.0,Canon Charger And Rechargable AA Battery Kit - 1169B001,Canon Battery and Charger Kit - 1169B001
27783,202293522,1,1.0,Sony VAIO VGP-PRSZ1 SZ Series Docking Station - VGPPRSZ1,Sony VAIO SZ Series Docking Station - VGPPRSZ1
36080,207900178,1,1.0,Samsung 22' Black Flat Panel Series 6 LCD HDTV - LN22A650,Samsung LN22A650 22' LCD TV
34263,207897315,1,1.0,Samsung 22' White Flat Panel LCD HDTV - LN22A451,Samsung 4 Series LN22A451 22' LCD TV
36124,208504429,1,1.0,Denon Black AVR-1609 Home Theater Surround Sound Receiver - AVR1609,Denon AVR-1609 A/V Receiver - AVR1609
37796,210239335,1,1.0,Escort Passport 9500IX Radar Detector - 9500IX,Escort Passport 9500ix Radar/Laser Detector
29820,202882380,1,1.0,Linksys Wireless N Access Point - WAP4400N,Linksys WAP4400N Wireless-N Access Point With POE - WAP4400N
30389,202813304,1,1.0,Apple Mini-DVI To DVI Adapter - M9321GB,Apple DVI to mini-DVI Video Cable Adapter - M9321GB
31992,203952966,1,1.0,Transcend 4GB Secure Digital High-Capacity (SDHC) Class 6 Memory Card - TS4GSDHC6,Transcend 4GB Secure Digital High Capacity (SDHC) Card - Class 6 - TS4GSDHC6
28980,204559211,1,1.0,Panasonic Stainless Steel Luxury Full Size Countertop Microwave Oven - NNSD967SS,Panasonic 2.2 cu. ft. Stainless Steel Luxury Full Size Countertop Microwave Oven - NNSD967SS
34089,207900175,1,1.0,Samsung 19' Black Flat Panel Series 4 LCD HDTV - LN19A450,Samsung LN19A450 19' LCD TV
34091,207686156,1,1.0,Samsung 26' Black Flat Panel Series 4 LCD HDTV - LN26A450,Samsung 4 Series LN26A450 26' LCD TV
34092,207679756,1,1.0,Samsung 32' Black Flat Panel Series 4 LCD HDTV - LN32A450,Samsung 4 Series LN32A450 32' LCD TV
37686,208893667,1,1.0,Canon PIXMA Photo All-In-One Printer - MP480,Canon PIXMA MP480 Color Inkjet All-In-One Photo Printer - 2918B002
37767,204588748,1,1.0,Kensington Combosaver Ultra Combination Notebook Lock - K64516US - K64516US,Kensington ComboSaver Ultra Notebook Lock - K64516US
29273,202070807,1,1.0,Kensington MicroSaver Keyed Notebook Lock - 64068F,Kensington MicroSaver Notebook Lock - 64068F
34021,207652056,1,1.0,Samsung 46' Series 5 LCD Black Flat Panel HDTV - LN46A550,Samsung LN46A550 46' LCD TV
34012,207642166,1,1.0,Samsung 52' Series 6 LCD Black Flat Panel HDTV - LN52A650,Samsung LN52A650 52' LCD TV
34009,207595882,1,1.0,Samsung 46' Series 6 LCD Black Flat Panel HDTV - LN46A650,Samsung LN46A650 46' LCD TV
34007,207660497,1,1.0,Samsung 40' Series 6 LCD Black Flat Panel HDTV - LN40A650,Samsung LN40A650 40' LCD TV
34003,207637777,1,1.0,Samsung 40' Series 5 LCD Black Flat Panel HDTV - LN40A550,Samsung LN40A550 40' LCD TV
29493,204549804,1,1.0,Netgear ProSafe 24-Port Smart Switch - GS724TP,Netgear ProSafe GS724TP 24 Port Smart Switch with PoE - GS724TP-100NAS
34093,207660499,1,1.0,Samsung 50' Black Flat Panel Series 5 Plasma HDTV - PN50A550,Samsung PN50A550 50' Plasma TV
37192,209656955,1,1.0,Apple 8GB Blue 4th Generation iPod Nano - MB732LLA,Apple 8GB iPod nano Blue (4th Generation) - MB732LL/A
36636,206783256,1,1.0,LaCie Little Disk 320GB Black Portable Hard Drive - 301829,LaCie Little Disk Hard Drive - 301829
32314,207509842,1,1.0,Altec Lansing Orbit-MP3 Portable Audio System - IM207,Altec Lansing Orbit-MP3 Portable Audio System - IM207
32112,206356230,1,1.0,Sirius Stiletto 2 Vehicle Kit - SLV2,SIRIUS SLV2 SIRIUS Stiletto 2 Portable Radio Vehicle Kit
37202,209656959,1,1.0,Apple 8GB Green 4th Generation iPod Nano - MB745LLA,Apple 8GB iPod nano Green (4th Generation) - MB745LL/A
37196,209656956,1,1.0,Apple 8GB Pink 4th Generation iPod Nano - MB735LLA,Apple 8GB iPod nano Pink (4th Generation) - MB735LL/A
37198,209656957,1,1.0,Apple 8GB Purple 4th Generation iPod Nano - MB739LLA,Apple 8GB iPod nano Purple (4th Generation) - MB739LL/A
32512,205466519,1,1.0,Logitech Blue V470 Cordless Laser Mouse For Notebooks - 910000298,Logitech V470 Cordless Laser Mouse for Notebooks - 910-000298
31924,206356232,1,1.0,Sirius STILETTO 2 Portable Satellite Radio - SL2PK1,SIRIUS SL2PK1 SIRIUS Stiletto 2 Portable Radio
33158,207338961,1,1.0,Sony 60GB High Definition Hard Disk Drive Handycam Camcorder - HDRSR11,Sony Handycam HDR-SR11 High Definition Digital Camcorder - HDRSR11
32563,206615085,1,1.0,LaCie 500GB USB 2.0 External Hard Drive - 301302U,LaCie USB 2.0 External Hard Drive - 301302U
33271,206808431,1,1.0,Canon Vixia High Definition Camcorder - HF100,Canon VIXIA HF100 High Definition Digital Camcorder - 2708B001
35044,208504370,1,1.0,LG 47' Black LCD Flat Panel HDTV - 47LG50,LG 47LG50 47' LCD TV
35843,207645242,1,1.0,Canon EF-S 55-250mm f/4-5.6 IS Telephoto Zoom Lens - 2044B002,Canon EF-S 55-250mm f/4-5.6 IS Telephoto Zoom Lens - 2044B002
38001,209871973,1,1.0,Sony 8' Black LCD Digital Photo Frame - DPFD80,Sony DPFD80 Digital Photo Frame
22306,202291459,1,1.0,Sanus Center Channel Speaker Mount - Black Finish - VMCC1B,Sanus Center Channel Speaker Mount - VMCC1B
23006,202456880,1,1.0,Tivo Wireless Adapter - AG0100,Tivo AG0100 Wireless G USB Network Adapter
34349,207660498,1,1.0,Samsung 37' Series 5 LCD Black Flat Panel HDTV - LN37A550,Samsung 5 Series LN37A550 37' LCD TV
34304,207927557,1,1.0,Samsung 32' Series 6 LCD Black Flat Panel HDTV - LN32A650,Samsung 6 Series LN32A650 32' LCD TV
34303,207900179,1,1.0,Samsung 32' Series 5 LCD Black Flat Panel HDTV - LN32A550,Samsung LN32A550 32' LCD TV
35851,206462228,1,1.0,Linksys Ultra RangePlus Wireless-N Broadband Router - WRT160N,Linksys RangePlus WRT160N 4-Port Wireless-N Broadband Router - WRT160N
38452,208226470,1,1.0,Linksys Simultaneous Dual-N Band Wireless Router - WRT610N,Linksys WRT610N Simultaneous Dual-N Band Wireless Router
35530,210252184,1,1.0,Escort Passport 9500CI Radar Detector - 9500CI,Escort 9500CI Escort GPS Radar Detector
38295,210258472,1,1.0,Altec Lansing inMotion MAX iPod/iPhone Portable Audio System - IMT702,Altec Lansing IMT702 inMotion MAX Portable Speaker System for iPhone
24402,203897877,1,1.0,KitchenAid 5-Speed Blender - Red Finish - KSB560ER,KitchenAid 5-Speed Blender - Red Finish - KSB560ER
34728,207534895,1,1.0,Sony 16GB Memory Stick PRO Duo Mark 2 Media Card - MSMT16G,Sony 16GB Memory Stick PRO Duo Card (Mark 2) - MSMT16G
38733,207979206,1,1.0,Kensington Mini Battery Pack And Charger For iPhone And iPod - K33442US,Kensington Mini Battery Pack and Charger for iPhone and iPod - K33442US
19141,90145586,1,1.0,Sanus Universal Projector Ceiling Mount -  Black Finish - VMPR1B,Sanus Universal Projector Ceiling Mount - VMPR1B
19604,203025446,1,1.0,Kenwood iPod Mobile Interface - KCAIP500,Kenwood KCA-IP500 iPod Interface/Controller - KCAIP500
34723,207666380,1,1.0,Sony 1GB Memory Stick PRO Duo Mark 2 Media Card - MSMT1G,Sony 1GB Memory Stick PRO Duo Card - MSMT1G
34725,207666381,1,1.0,Sony 4GB Memory Stick PRO Duo Mark 2 Media Card - MSMT4G,Sony 4GB Memory Stick PRO Duo Card - MSMT4G
34727,207666379,1,1.0,Sony 8GB Memory Stick PRO Duo Mark 2 Media Card - MSMT8G,Sony 8GB Memory Stick PRO Duo Card - MSMT8G
38511,210460676,1,1.0,Audiovox 7'  Acrylic Digital Photo Frame - DPF701,Audiovox DPF701 7-Inch Acrylic Digital Picture Frame
34897,208504421,1,1.0,Sony 52' BRAVIA W-Series Black LCD Flat Panel HDTV - KDL52W4100,Sony BRAVIA W Series KDL-52W4100 52' LCD TV - KDL52W4100
34836,208653775,1,1.0,Sony Picture Station Digital Photo Printer - DPPFP95,Sony Picture Station Digital Photo Printer - DPPFP95
